yearAndMonth,Year,Month,Unemployment Level (in thousands),Gender,Unemployment Rate (in percentage)
1969-01,1969,Jan,993,Women,3.7
1969-02,1969,Feb,992,Women,3.7
1969-03,1969,Mar,981,Women,3.6
1969-04,1969,Apr,1029,Women,3.8
1969-05,1969,May,979,Women,3.6
1969-06,1969,Jun,1038,Women,3.8
1969-07,1969,Jul,979,Women,3.6
1969-08,1969,Aug,1043,Women,3.8
1969-09,1969,Sep,1068,Women,3.9
1969-10,1969,Oct,1074,Women,3.9
1969-11,1969,Nov,1013,Women,3.7
1969-12,1969,Dec,977,Women,3.5
1970-01,1970,Jan,1046,Women,3.7
1970-02,1970,Feb,1160,Women,4.1
1970-03,1970,Mar,1284,Women,4.6
1970-04,1970,Apr,1243,Women,4.4
1970-05,1970,May,1344,Women,4.8
1970-06,1970,Jun,1290,Women,4.6
1970-07,1970,Jul,1380,Women,4.8
1970-08,1970,Aug,1364,Women,4.8
1970-09,1970,Sep,1435,Women,5.1
1970-10,1970,Oct,1473,Women,5.2
1970-11,1970,Nov,1596,Women,5.6
1970-12,1970,Dec,1625,Women,5.7
1971-01,1971,Jan,1637,Women,5.7
1971-02,1971,Feb,1629,Women,5.7
1971-03,1971,Mar,1687,Women,5.9
1971-04,1971,Apr,1700,Women,5.9
1971-05,1971,May,1662,Women,5.8
1971-06,1971,Jun,1623,Women,5.7
1971-07,1971,Jul,1610,Women,5.6
1971-08,1971,Aug,1694,Women,5.9
1971-09,1971,Sep,1657,Women,5.7
1971-10,1971,Oct,1650,Women,5.7
1971-11,1971,Nov,1701,Women,5.8
1971-12,1971,Dec,1674,Women,5.7
1972-01,1972,Jan,1624,Women,5.5
1972-02,1972,Feb,1506,Women,5.1
1972-03,1972,Mar,1625,Women,5.5
1972-04,1972,Apr,1619,Women,5.4
1972-05,1972,May,1698,Women,5.7
1972-06,1972,Jun,1666,Women,5.6
1972-07,1972,Jul,1702,Women,5.7
1972-08,1972,Aug,1684,Women,5.6
1972-09,1972,Sep,1657,Women,5.5
1972-10,1972,Oct,1689,Women,5.6
1972-11,1972,Nov,1523,Women,5.1
1972-12,1972,Dec,1512,Women,5.0
1973-01,1973,Jan,1552,Women,5.1
1973-02,1973,Feb,1492,Women,4.9
1973-03,1973,Mar,1498,Women,4.9
1973-04,1973,Apr,1480,Women,4.8
1973-05,1973,May,1403,Women,4.6
1973-06,1973,Jun,1541,Women,5.0
1973-07,1973,Jul,1532,Women,4.9
1973-08,1973,Aug,1546,Women,5.0
1973-09,1973,Sep,1539,Women,4.9
1973-10,1973,Oct,1416,Women,4.5
1973-11,1973,Nov,1518,Women,4.8
1973-12,1973,Dec,1573,Women,5.0
1974-01,1974,Jan,1598,Women,5.1
1974-02,1974,Feb,1600,Women,5.0
1974-03,1974,Mar,1581,Women,5.0
1974-04,1974,Apr,1579,Women,4.9
1974-05,1974,May,1618,Women,5.0
1974-06,1974,Jun,1670,Women,5.2
1974-07,1974,Jul,1733,Women,5.3
1974-08,1974,Aug,1764,Women,5.4
1974-09,1974,Sep,1918,Women,5.9
1974-10,1974,Oct,1846,Women,5.7
1974-11,1974,Nov,2166,Women,6.6
1974-12,1974,Dec,2295,Women,7.0
1975-01,1975,Jan,2629,Women,8.0
1975-02,1975,Feb,2595,Women,7.9
1975-03,1975,Mar,2742,Women,8.3
1975-04,1975,Apr,2831,Women,8.5
1975-05,1975,May,2838,Women,8.5
1975-06,1975,Jun,2753,Women,8.2
1975-07,1975,Jul,2679,Women,8.0
1975-08,1975,Aug,2643,Women,7.9
1975-09,1975,Sep,2600,Women,7.7
1975-10,1975,Oct,2657,Women,7.9
1975-11,1975,Nov,2624,Women,7.8
1975-12,1975,Dec,2638,Women,7.8
1976-01,1976,Jan,2619,Women,7.7
1976-02,1976,Feb,2575,Women,7.5
1976-03,1976,Mar,2518,Women,7.3
1976-04,1976,Apr,2545,Women,7.4
1976-05,1976,May,2384,Women,6.9
1976-06,1976,Jun,2498,Women,7.2
1976-07,1976,Jul,2673,Women,7.6
1976-08,1976,Aug,2673,Women,7.6
1976-09,1976,Sep,2635,Women,7.5
1976-10,1976,Oct,2638,Women,7.5
1976-11,1976,Nov,2644,Women,7.5
1976-12,1976,Dec,2597,Women,7.3
1977-01,1977,Jan,2527,Women,7.1
1977-02,1977,Feb,2616,Women,7.3
1977-03,1977,Mar,2642,Women,7.4
1977-04,1977,Apr,2562,Women,7.1
1977-05,1977,May,2408,Women,6.6
1977-06,1977,Jun,2577,Women,7.1
1977-07,1977,Jul,2492,Women,6.9
1977-08,1977,Aug,2542,Women,7.0
1977-09,1977,Sep,2538,Women,6.9
1977-10,1977,Oct,2462,Women,6.7
1977-11,1977,Nov,2589,Women,7.0
1977-12,1977,Dec,2416,Women,6.5
1978-01,1978,Jan,2375,Women,6.4
1978-02,1978,Feb,2210,Women,5.9
1978-03,1978,Mar,2238,Women,6.0
1978-04,1978,Apr,2263,Women,6.0
1978-05,1978,May,2283,Women,6.0
1978-06,1978,Jun,2322,Women,6.1
1978-07,1978,Jul,2464,Women,6.4
1978-08,1978,Aug,2295,Women,6.0
1978-09,1978,Sep,2308,Women,6.0
1978-10,1978,Oct,2158,Women,5.6
1978-11,1978,Nov,2281,Women,5.9
1978-12,1978,Dec,2278,Women,5.8
1979-01,1979,Jan,2262,Women,5.8
1979-02,1979,Feb,2312,Women,5.9
1979-03,1979,Mar,2289,Women,5.8
1979-04,1979,Apr,2238,Women,5.7
1979-05,1979,May,2189,Women,5.6
1979-06,1979,Jun,2251,Women,5.7
1979-07,1979,Jul,2196,Women,5.5
1979-08,1979,Aug,2406,Women,6.0
1979-09,1979,Sep,2254,Women,5.6
1979-10,1979,Oct,2300,Women,5.7
1979-11,1979,Nov,2264,Women,5.6
1979-12,1979,Dec,2319,Women,5.7
1980-01,1980,Jan,2380,Women,5.8
1980-02,1980,Feb,2395,Women,5.9
1980-03,1980,Mar,2341,Women,5.7
1980-04,1980,Apr,2565,Women,6.3
1980-05,1980,May,2624,Women,6.4
1980-06,1980,Jun,2656,Women,6.5
1980-07,1980,Jul,2733,Women,6.6
1980-08,1980,Aug,2762,Women,6.7
1980-09,1980,Sep,2601,Women,6.3
1980-10,1980,Oct,2788,Women,6.7
1980-11,1980,Nov,2767,Women,6.7
1980-12,1980,Dec,2775,Women,6.7
1981-01,1981,Jan,2824,Women,6.7
1981-02,1981,Feb,2777,Women,6.6
1981-03,1981,Mar,2770,Women,6.6
1981-04,1981,Apr,2772,Women,6.5
1981-05,1981,May,2844,Women,6.7
1981-06,1981,Jun,2832,Women,6.7
1981-07,1981,Jul,2855,Women,6.7
1981-08,1981,Aug,2834,Women,6.7
1981-09,1981,Sep,2942,Women,7.0
1981-10,1981,Oct,3029,Women,7.1
1981-11,1981,Nov,3115,Women,7.2
1981-12,1981,Dec,3173,Women,7.4
1982-01,1982,Jan,3131,Women,7.3
1982-02,1982,Feb,3304,Women,7.7
1982-03,1982,Mar,3403,Women,7.9
1982-04,1982,Apr,3544,Women,8.2
1982-05,1982,May,3555,Women,8.1
1982-06,1982,Jun,3564,Women,8.1
1982-07,1982,Jul,3655,Women,8.3
1982-08,1982,Aug,3627,Women,8.3
1982-09,1982,Sep,3681,Women,8.4
1982-10,1982,Oct,3805,Women,8.7
1982-11,1982,Nov,4029,Women,9.1
1982-12,1982,Dec,4122,Women,9.3
1983-01,1983,Jan,3987,Women,9.0
1983-02,1983,Feb,3948,Women,8.9
1983-03,1983,Mar,3876,Women,8.8
1983-04,1983,Apr,3735,Women,8.4
1983-05,1983,May,3721,Women,8.4
1983-06,1983,Jun,3874,Women,8.7
1983-07,1983,Jul,3503,Women,7.9
1983-08,1983,Aug,3539,Women,7.9
1983-09,1983,Sep,3482,Women,7.7
1983-10,1983,Oct,3356,Women,7.5
1983-11,1983,Nov,3261,Women,7.2
1983-12,1983,Dec,3302,Women,7.3
1984-01,1984,Jan,3182,Women,7.1
1984-02,1984,Feb,3120,Women,6.9
1984-03,1984,Mar,3126,Women,6.9
1984-04,1984,Apr,3148,Women,6.9
1984-05,1984,May,3094,Women,6.7
1984-06,1984,Jun,2992,Women,6.5
1984-07,1984,Jul,3158,Women,6.8
1984-08,1984,Aug,3182,Women,6.9
1984-09,1984,Sep,2993,Women,6.5
1984-10,1984,Oct,3177,Women,6.9
1984-11,1984,Nov,3074,Women,6.6
1984-12,1984,Dec,3051,Women,6.6
1985-01,1985,Jan,3151,Women,6.7
1985-02,1985,Feb,3114,Women,6.6
1985-03,1985,Mar,3160,Women,6.7
1985-04,1985,Apr,3187,Women,6.8
1985-05,1985,May,3192,Women,6.8
1985-06,1985,Jun,3178,Women,6.7
1985-07,1985,Jul,3140,Women,6.7
1985-08,1985,Aug,3144,Women,6.7
1985-09,1985,Sep,3153,Women,6.6
1985-10,1985,Oct,3044,Women,6.4
1985-11,1985,Nov,3052,Women,6.4
1985-12,1985,Dec,3038,Women,6.3
1986-01,1986,Jan,2908,Women,6.1
1986-02,1986,Feb,3156,Women,6.6
1986-03,1986,Mar,3164,Women,6.6
1986-04,1986,Apr,3119,Women,6.5
1986-05,1986,May,3119,Women,6.4
1986-06,1986,Jun,3136,Women,6.4
1986-07,1986,Jul,3005,Women,6.2
1986-08,1986,Aug,3006,Women,6.1
1986-09,1986,Sep,2986,Women,6.1
1986-10,1986,Oct,3010,Women,6.1
1986-11,1986,Nov,2957,Women,6.0
1986-12,1986,Dec,2812,Women,5.7
1987-01,1987,Jan,2866,Women,5.8
1987-02,1987,Feb,2834,Women,5.8
1987-03,1987,Mar,2907,Women,5.9
1987-04,1987,Apr,2756,Women,5.6
1987-05,1987,May,2706,Women,5.4
1987-06,1987,Jun,2627,Women,5.3
1987-07,1987,Jul,2642,Women,5.3
1987-08,1987,Aug,2660,Women,5.3
1987-09,1987,Sep,2670,Women,5.3
1987-10,1987,Oct,2629,Women,5.2
1987-11,1987,Nov,2604,Women,5.2
1987-12,1987,Dec,2588,Women,5.1
1988-01,1988,Jan,2574,Women,5.1
1988-02,1988,Feb,2628,Women,5.2
1988-03,1988,Mar,2490,Women,4.9
1988-04,1988,Apr,2466,Women,4.9
1988-05,1988,May,2489,Women,4.9
1988-06,1988,Jun,2453,Women,4.8
1988-07,1988,Jul,2517,Women,5.0
1988-08,1988,Aug,2463,Women,4.8
1988-09,1988,Sep,2468,Women,4.8
1988-10,1988,Oct,2431,Women,4.7
1988-11,1988,Nov,2448,Women,4.7
1988-12,1988,Dec,2395,Women,4.6
1989-01,1989,Jan,2467,Women,4.7
1989-02,1989,Feb,2341,Women,4.5
1989-03,1989,Mar,2410,Women,4.6
1989-04,1989,Apr,2443,Women,4.7
1989-05,1989,May,2486,Women,4.8
1989-06,1989,Jun,2518,Women,4.8
1989-07,1989,Jul,2562,Women,4.9
1989-08,1989,Aug,2472,Women,4.7
1989-09,1989,Sep,2389,Women,4.6
1989-10,1989,Oct,2507,Women,4.8
1989-11,1989,Nov,2502,Women,4.7
1989-12,1989,Dec,2500,Women,4.8
1990-01,1990,Jan,2489,Women,4.7
1990-02,1990,Feb,2506,Women,4.7
1990-03,1990,Mar,2471,Women,4.7
1990-04,1990,Apr,2519,Women,4.8
1990-05,1990,May,2515,Women,4.7
1990-06,1990,Jun,2412,Women,4.6
1990-07,1990,Jul,2575,Women,4.9
1990-08,1990,Aug,2641,Women,5.0
1990-09,1990,Sep,2735,Women,5.1
1990-10,1990,Oct,2721,Women,5.1
1990-11,1990,Nov,2778,Women,5.2
1990-12,1990,Dec,2796,Women,5.2
1991-01,1991,Jan,2856,Women,5.4
1991-02,1991,Feb,2924,Women,5.5
1991-03,1991,Mar,3019,Women,5.6
1991-04,1991,Apr,2944,Women,5.5
1991-05,1991,May,3196,Women,6.0
1991-06,1991,Jun,3122,Women,5.8
1991-07,1991,Jul,2956,Women,5.5
1991-08,1991,Aug,3087,Women,5.7
1991-09,1991,Sep,3077,Women,5.7
1991-10,1991,Oct,3196,Women,5.9
1991-11,1991,Nov,3240,Women,6.0
1991-12,1991,Dec,3305,Women,6.1
1992-01,1992,Jan,3261,Women,6.0
1992-02,1992,Feb,3372,Women,6.2
1992-03,1992,Mar,3389,Women,6.2
1992-04,1992,Apr,3441,Women,6.3
1992-05,1992,May,3474,Women,6.3
1992-06,1992,Jun,3512,Women,6.4
1992-07,1992,Jul,3598,Women,6.5
1992-08,1992,Aug,3584,Women,6.5
1992-09,1992,Sep,3540,Women,6.4
1992-10,1992,Oct,3409,Women,6.2
1992-11,1992,Nov,3432,Women,6.2
1992-12,1992,Dec,3606,Women,6.5
1993-01,1993,Jan,3477,Women,6.3
1993-02,1993,Feb,3378,Women,6.1
1993-03,1993,Mar,3162,Women,5.8
1993-04,1993,Apr,3332,Women,6.1
1993-05,1993,May,3348,Women,6.0
1993-06,1993,Jun,3313,Women,6.0
1993-07,1993,Jul,3258,Women,5.9
1993-08,1993,Aug,3197,Women,5.8
1993-09,1993,Sep,3222,Women,5.8
1993-10,1993,Oct,3269,Women,5.9
1993-11,1993,Nov,3251,Women,5.8
1993-12,1993,Dec,3249,Women,5.8
1994-01,1994,Jan,3270,Women,5.8
1994-02,1994,Feb,3237,Women,5.7
1994-03,1994,Mar,3296,Women,5.8
1994-04,1994,Apr,3164,Women,5.6
1994-05,1994,May,3062,Women,5.4
1994-06,1994,Jun,3047,Women,5.4
1994-07,1994,Jul,2955,Women,5.2
1994-08,1994,Aug,3027,Women,5.3
1994-09,1994,Sep,3045,Women,5.3
1994-10,1994,Oct,2862,Women,5.0
1994-11,1994,Nov,2884,Women,5.1
1994-12,1994,Dec,2737,Women,4.8
1995-01,1995,Jan,2793,Women,4.9
1995-02,1995,Feb,2756,Women,4.8
1995-03,1995,Mar,2755,Women,4.8
1995-04,1995,Apr,2986,Women,5.2
1995-05,1995,May,2730,Women,4.8
1995-06,1995,Jun,2851,Women,5.0
1995-07,1995,Jul,2885,Women,5.0
1995-08,1995,Aug,2840,Women,5.0
1995-09,1995,Sep,2834,Women,4.9
1995-10,1995,Oct,2905,Women,5.0
1995-11,1995,Nov,2755,Women,4.8
1995-12,1995,Dec,2754,Women,4.8
1996-01,1996,Jan,2899,Women,5.0
1996-02,1996,Feb,2735,Women,4.8
1996-03,1996,Mar,2694,Women,4.7
1996-04,1996,Apr,2777,Women,4.8
1996-05,1996,May,2822,Women,4.9
1996-06,1996,Jun,2691,Women,4.7
1996-07,1996,Jul,2840,Women,4.9
1996-08,1996,Aug,2711,Women,4.7
1996-09,1996,Sep,2681,Women,4.6
1996-10,1996,Oct,2787,Women,4.8
1996-11,1996,Nov,2824,Women,4.8
1996-12,1996,Dec,2996,Women,5.1
1997-01,1997,Jan,2706,Women,4.6
1997-02,1997,Feb,2737,Women,4.7
1997-03,1997,Mar,2694,Women,4.6
1997-04,1997,Apr,2619,Women,4.4
1997-05,1997,May,2650,Women,4.5
1997-06,1997,Jun,2588,Women,4.4
1997-07,1997,Jul,2517,Women,4.2
1997-08,1997,Aug,2560,Women,4.3
1997-09,1997,Sep,2591,Women,4.4
1997-10,1997,Oct,2469,Women,4.2
1997-11,1997,Nov,2402,Women,4.0
1997-12,1997,Dec,2500,Women,4.2
1998-01,1998,Jan,2566,Women,4.3
1998-02,1998,Feb,2537,Women,4.3
1998-03,1998,Mar,2517,Women,4.2
1998-04,1998,Apr,2394,Women,4.0
1998-05,1998,May,2323,Women,3.9
1998-06,1998,Jun,2385,Women,4.0
1998-07,1998,Jul,2351,Women,3.9
1998-08,1998,Aug,2403,Women,4.0
1998-09,1998,Sep,2393,Women,4.0
1998-10,1998,Oct,2444,Women,4.1
1998-11,1998,Nov,2421,Women,4.0
1998-12,1998,Dec,2369,Women,3.9
1999-01,1999,Jan,2283,Women,3.8
1999-02,1999,Feb,2341,Women,3.9
1999-03,1999,Mar,2343,Women,3.9
1999-04,1999,Apr,2426,Women,4.0
1999-05,1999,May,2184,Women,3.6
1999-06,1999,Jun,2330,Women,3.8
1999-07,1999,Jul,2391,Women,3.9
1999-08,1999,Aug,2250,Women,3.7
1999-09,1999,Sep,2260,Women,3.7
1999-10,1999,Oct,2167,Women,3.5
1999-11,1999,Nov,2233,Women,3.6
1999-12,1999,Dec,2195,Women,3.6
2000-01,2000,Jan,2293,Women,3.7
2000-02,2000,Feb,2206,Women,3.6
2000-03,2000,Mar,2291,Women,3.7
2000-04,2000,Apr,2165,Women,3.5
2000-05,2000,May,2327,Women,3.7
2000-06,2000,Jun,2326,Women,3.7
2000-07,2000,Jul,2314,Women,3.7
2000-08,2000,Aug,2343,Women,3.8
2000-09,2000,Sep,2182,Women,3.5
2000-10,2000,Oct,2087,Women,3.3
2000-11,2000,Nov,2138,Women,3.4
2000-12,2000,Dec,2080,Women,3.3
2001-01,2001,Jan,2293,Women,3.6
2001-02,2001,Feb,2309,Women,3.7
2001-03,2001,Mar,2299,Women,3.6
2001-04,2001,Apr,2349,Women,3.7
2001-05,2001,May,2374,Women,3.8
2001-06,2001,Jun,2440,Women,3.9
2001-07,2001,Jul,2485,Women,3.9
2001-08,2001,Aug,2685,Women,4.3
2001-09,2001,Sep,2803,Women,4.4
2001-10,2001,Oct,2947,Women,4.7
2001-11,2001,Nov,3066,Women,4.8
2001-12,2001,Dec,3212,Women,5.1
2002-01,2002,Jan,3116,Women,4.9
2002-02,2002,Feb,3190,Women,5.0
2002-03,2002,Mar,3193,Women,5.0
2002-04,2002,Apr,3393,Women,5.3
2002-05,2002,May,3316,Women,5.2
2002-06,2002,Jun,3221,Women,5.1
2002-07,2002,Jul,3246,Women,5.1
2002-08,2002,Aug,3182,Women,5.0
2002-09,2002,Sep,3150,Women,4.9
2002-10,2002,Oct,3249,Women,5.1
2002-11,2002,Nov,3192,Women,5.0
2002-12,2002,Dec,3265,Women,5.1
2003-01,2003,Jan,3142,Women,4.9
2003-02,2003,Feb,3282,Women,5.1
2003-03,2003,Mar,3326,Women,5.1
2003-04,2003,Apr,3291,Women,5.1
2003-05,2003,May,3343,Women,5.2
2003-06,2003,Jun,3376,Women,5.2
2003-07,2003,Jul,3307,Women,5.1
2003-08,2003,Aug,3391,Women,5.2
2003-09,2003,Sep,3389,Women,5.3
2003-10,2003,Oct,3327,Women,5.1
2003-11,2003,Nov,3258,Women,5.0
2003-12,2003,Dec,3278,Women,5.1
2004-01,2004,Jan,3269,Women,5.1
2004-02,2004,Feb,3192,Women,4.9
2004-03,2004,Mar,3413,Women,5.3
2004-04,2004,Apr,3193,Women,4.9
2004-05,2004,May,3122,Women,4.8
2004-06,2004,Jun,3276,Women,5.0
2004-07,2004,Jul,3122,Women,4.8
2004-08,2004,Aug,3026,Women,4.7
2004-09,2004,Sep,3015,Women,4.6
2004-10,2004,Oct,3079,Women,4.7
2004-11,2004,Nov,3035,Women,4.7
2004-12,2004,Dec,3011,Women,4.6
2005-01,2005,Jan,3045,Women,4.7
2005-02,2005,Feb,3098,Women,4.7
2005-03,2005,Mar,3018,Women,4.6
2005-04,2005,Apr,3037,Women,4.6
2005-05,2005,May,3057,Women,4.7
2005-06,2005,Jun,3048,Women,4.6
2005-07,2005,Jul,3014,Women,4.6
2005-08,2005,Aug,2860,Women,4.4
2005-09,2005,Sep,3014,Women,4.6
2005-10,2005,Oct,3003,Women,4.5
2005-11,2005,Nov,3015,Women,4.6
2005-12,2005,Dec,2931,Women,4.4
2006-01,2006,Jan,2850,Women,4.3
2006-02,2006,Feb,2840,Women,4.3
2006-03,2006,Mar,2746,Women,4.2
2006-04,2006,Apr,2823,Women,4.3
2006-05,2006,May,2730,Women,4.1
2006-06,2006,Jun,2751,Women,4.1
2006-07,2006,Jul,2822,Women,4.2
2006-08,2006,Aug,2720,Women,4.1
2006-09,2006,Sep,2776,Women,4.2
2006-10,2006,Oct,2610,Women,3.9
2006-11,2006,Nov,2697,Women,4.0
2006-12,2006,Dec,2616,Women,3.9
2007-01,2007,Jan,2727,Women,4.0
2007-02,2007,Feb,2579,Women,3.8
2007-03,2007,Mar,2554,Women,3.8
2007-04,2007,Apr,2585,Women,3.9
2007-05,2007,May,2556,Women,3.8
2007-06,2007,Jun,2640,Women,3.9
2007-07,2007,Jul,2813,Women,4.2
2007-08,2007,Aug,2793,Women,4.1
2007-09,2007,Sep,2770,Women,4.1
2007-10,2007,Oct,2800,Women,4.1
2007-11,2007,Nov,2814,Women,4.2
2007-12,2007,Dec,2964,Women,4.4
2008-01,2008,Jan,2901,Women,4.3
2008-02,2008,Feb,2871,Women,4.2
2008-03,2008,Mar,3056,Women,4.5
2008-04,2008,Apr,2886,Women,4.2
2008-05,2008,May,3171,Women,4.6
2008-06,2008,Jun,3224,Women,4.7
2008-07,2008,Jul,3223,Women,4.7
2008-08,2008,Aug,3692,Women,5.4
2008-09,2008,Sep,3390,Women,5.0
2008-10,2008,Oct,3704,Women,5.4
2008-11,2008,Nov,3918,Women,5.7
2008-12,2008,Dec,4099,Women,5.9
2009-01,2009,Jan,4435,Women,6.5
2009-02,2009,Feb,4667,Women,6.8
2009-03,2009,Mar,4882,Women,7.1
2009-04,2009,Apr,4923,Women,7.1
2009-05,2009,May,5168,Women,7.5
2009-06,2009,Jun,5264,Women,7.6
2009-07,2009,Jul,5311,Women,7.7
2009-08,2009,Aug,5330,Women,7.7
2009-09,2009,Sep,5425,Women,7.9
2009-10,2009,Oct,5499,Women,8.0
2009-11,2009,Nov,5469,Women,7.9
2009-12,2009,Dec,5519,Women,8.0
2010-01,2010,Jan,5431,Women,7.9
2010-02,2010,Feb,5501,Women,8.0
2010-03,2010,Mar,5576,Women,8.1
2010-04,2010,Apr,5711,Women,8.3
2010-05,2010,May,5573,Women,8.1
2010-06,2010,Jun,5323,Women,7.7
2010-07,2010,Jul,5442,Women,7.9
2010-08,2010,Aug,5503,Women,8.0
2010-09,2010,Sep,5520,Women,8.0
2010-10,2010,Oct,5538,Women,8.0
2010-11,2010,Nov,5831,Women,8.4
2010-12,2010,Dec,5498,Women,8.0
2011-01,2011,Jan,5410,Women,7.9
2011-02,2011,Feb,5444,Women,7.9
2011-03,2011,Mar,5379,Women,7.8
2011-04,2011,Apr,5495,Women,8.0
2011-05,2011,May,5520,Women,8.0
2011-06,2011,Jun,5487,Women,8.0
2011-07,2011,Jul,5400,Women,7.9
2011-08,2011,Aug,5455,Women,7.9
2011-09,2011,Sep,5674,Women,8.2
2011-10,2011,Oct,5390,Women,7.8
2011-11,2011,Nov,5359,Women,7.8
2011-12,2011,Dec,5383,Women,7.8
2012-01,2012,Jan,5313,Women,7.6
2012-02,2012,Feb,5311,Women,7.6
2012-03,2012,Mar,5161,Women,7.4
2012-04,2012,Apr,5182,Women,7.4
2012-05,2012,May,5145,Women,7.4
2012-06,2012,Jun,5172,Women,7.4
2012-07,2012,Jul,5179,Women,7.4
2012-08,2012,Aug,5081,Women,7.3
2012-09,2012,Sep,4928,Women,7.1
2012-10,2012,Oct,4961,Women,7.1
2012-11,2012,Nov,4896,Women,7.0
2012-12,2012,Dec,5166,Women,7.4
2013-01,2013,Jan,5052,Women,7.2
2013-02,2013,Feb,4871,Women,7.0
2013-03,2013,Mar,4808,Women,6.9
2013-04,2013,Apr,4648,Women,6.7
2013-05,2013,May,4534,Women,6.5
2013-06,2013,Jun,4785,Women,6.8
2013-07,2013,Jul,4412,Women,6.3
2013-08,2013,Aug,4327,Women,6.2
2013-09,2013,Sep,4374,Women,6.2
2013-10,2013,Oct,4400,Women,6.3
2013-11,2013,Nov,4311,Women,6.2
2013-12,2013,Dec,4271,Women,6.1
2014-01,2014,Jan,4094,Women,5.8
2014-02,2014,Feb,4158,Women,5.9
2014-03,2014,Mar,4347,Women,6.2
2014-04,2014,Apr,3955,Women,5.6
2014-05,2014,May,4038,Women,5.8
2014-06,2014,Jun,3732,Women,5.3
2014-07,2014,Jul,3920,Women,5.6
2014-08,2014,Aug,3908,Women,5.6
2014-09,2014,Sep,3866,Women,5.5
2014-10,2014,Oct,3820,Women,5.4
2014-11,2014,Nov,3727,Women,5.3
2014-12,2014,Dec,3546,Women,5.1
2015-01,2015,Jan,3542,Women,5.0
2015-02,2015,Feb,3453,Women,4.9
2015-03,2015,Mar,3431,Women,4.9
2015-04,2015,Apr,3494,Women,5.0
2015-05,2015,May,3618,Women,5.1
2015-06,2015,Jun,3325,Women,4.7
2015-07,2015,Jul,3400,Women,4.8
2015-08,2015,Aug,3255,Women,4.6
2015-09,2015,Sep,3217,Women,4.6
2015-10,2015,Oct,3256,Women,4.6
2015-11,2015,Nov,3302,Women,4.6
2015-12,2015,Dec,3193,Women,4.5
2016-01,2016,Jan,3207,Women,4.5
2016-02,2016,Feb,3184,Women,4.5
2016-03,2016,Mar,3358,Women,4.7
2016-04,2016,Apr,3291,Women,4.6
2016-05,2016,May,3100,Women,4.3
2016-06,2016,Jun,3157,Women,4.4
2016-07,2016,Jul,2935,Women,4.1
2016-08,2016,Aug,3160,Women,4.4
2016-09,2016,Sep,3161,Women,4.4
2016-10,2016,Oct,3130,Women,4.4
2016-11,2016,Nov,3070,Women,4.3
2016-12,2016,Dec,3067,Women,4.3
2017-01,2017,Jan,3116,Women,4.3
2017-02,2017,Feb,3045,Women,4.2
2017-03,2017,Mar,2864,Women,4.0
2017-04,2017,Apr,2988,Women,4.1
2017-05,2017,May,2954,Women,4.1
2017-06,2017,Jun,2833,Women,3.9
2017-07,2017,Jul,2849,Women,3.9
2017-08,2017,Aug,2863,Women,4.0
2017-09,2017,Sep,2838,Women,3.9
2017-10,2017,Oct,2670,Women,3.7
2017-11,2017,Nov,2690,Women,3.7
2017-12,2017,Dec,2714,Women,3.8
2018-01,2018,Jan,2593,Women,3.6
2018-02,2018,Feb,2723,Women,3.7
2018-03,2018,Mar,2674,Women,3.7
2018-04,2018,Apr,2599,Women,3.6
2018-05,2018,May,2461,Women,3.4
2018-06,2018,Jun,2634,Women,3.6
2018-07,2018,Jul,2617,Women,3.6
2018-08,2018,Aug,2548,Women,3.5
2018-09,2018,Sep,2426,Women,3.3
2018-10,2018,Oct,2504,Women,3.4
2018-11,2018,Nov,2565,Women,3.5
2018-12,2018,Dec,2600,Women,3.5
2019-01,2019,Jan,2629,Women,3.6
2019-02,2019,Feb,2505,Women,3.4
2019-03,2019,Mar,2470,Women,3.4
2019-04,2019,Apr,2349,Women,3.2
2019-05,2019,May,2393,Women,3.3
2019-06,2019,Jun,2408,Women,3.3
2019-07,2019,Jul,2442,Women,3.3
2019-08,2019,Aug,2417,Women,3.3
2019-09,2019,Sep,2306,Women,3.1
2019-10,2019,Oct,2404,Women,3.2
2019-11,2019,Nov,2457,Women,3.3
2019-12,2019,Dec,2451,Women,3.3
2020-01,2020,Jan,2410,Women,3.2
2020-02,2020,Feb,2312,Women,3.1
2020-03,2020,Mar,2951,Women,4.0
2020-04,2020,Apr,10959,Women,15.5
2020-05,2020,May,9886,Women,13.8
2020-06,2020,Jun,8107,Women,11.2
2020-07,2020,Jul,7609,Women,10.5
2020-08,2020,Aug,6060,Women,8.3
2020-09,2020,Sep,5596,Women,7.8
2020-10,2020,Oct,4717,Women,6.5
2020-11,2020,Nov,4482,Women,6.2
2020-12,2020,Dec,4567,Women,6.3
2021-01,2021,Jan,4313,Women,6.0
2021-02,2021,Feb,4237,Women,5.9
2021-03,2021,Mar,4158,Women,5.7
2021-04,2021,Apr,4066,Women,5.6
2021-05,2021,May,3856,Women,5.3
2021-06,2021,Jun,4002,Women,5.5
2021-07,2021,Jul,3641,Women,5.0
2021-08,2021,Aug,3465,Women,4.8
2021-09,2021,Sep,3103,Women,4.3
2021-10,2021,Oct,3119,Women,4.3
2021-11,2021,Nov,2872,Women,3.9
2021-12,2021,Dec,2667,Women,3.6
2022-01,2022,Jan,2645,Women,3.6
2022-02,2022,Feb,2672,Women,3.6
2022-03,2022,Mar,2462,Women,3.3
2022-04,2022,Apr,2365,Women,3.2
2022-05,2022,May,2489,Women,3.4
2022-06,2022,Jun,2441,Women,3.3
2022-07,2022,Jul,2297,Women,3.1
2022-08,2022,Aug,2422,Women,3.3
2022-09,2022,Sep,2272,Women,3.1
2022-10,2022,Oct,2534,Women,3.4
2022-11,2022,Nov,2444,Women,3.3
2022-12,2022,Dec,2398,Women,3.2
2023-01,2023,Jan,2275,Women,3.1
2023-02,2023,Feb,2417,Women,3.2
2023-03,2023,Mar,2328,Women,3.1
2023-04,2023,Apr,2293,Women,3.1
2023-05,2023,May,2486,Women,3.3
2023-06,2023,Jun,2360,Women,3.1
2023-07,2023,Jul,2328,Women,3.1
2023-08,2023,Aug,2419,Women,3.2
1969-01,1969,Jan,927,Men,2.0
1969-02,1969,Feb,903,Men,2.0
1969-03,1969,Mar,900,Men,1.9
1969-04,1969,Apr,904,Men,2.0
1969-05,1969,May,904,Men,2.0
1969-06,1969,Jun,923,Men,2.0
1969-07,1969,Jul,985,Men,2.1
1969-08,1969,Aug,957,Men,2.1
1969-09,1969,Sep,1072,Men,2.3
1969-10,1969,Oct,1064,Men,2.3
1969-11,1969,Nov,1003,Men,2.2
1969-12,1969,Dec,1062,Men,2.3
1970-01,1970,Jan,1188,Men,2.5
1970-02,1970,Feb,1334,Men,2.8
1970-03,1970,Mar,1382,Men,2.9
1970-04,1970,Apr,1494,Men,3.2
1970-05,1970,May,1553,Men,3.3
1970-06,1970,Jun,1624,Men,3.4
1970-07,1970,Jul,1735,Men,3.7
1970-08,1970,Aug,1755,Men,3.7
1970-09,1970,Sep,1830,Men,3.9
1970-10,1970,Oct,1890,Men,4.0
1970-11,1970,Nov,2023,Men,4.3
1970-12,1970,Dec,2192,Men,4.6
1971-01,1971,Jan,2100,Men,4.4
1971-02,1971,Feb,2069,Men,4.4
1971-03,1971,Mar,2055,Men,4.3
1971-04,1971,Apr,2049,Men,4.3
1971-05,1971,May,2093,Men,4.4
1971-06,1971,Jun,2061,Men,4.3
1971-07,1971,Jul,2079,Men,4.3
1971-08,1971,Aug,2160,Men,4.5
1971-09,1971,Sep,2142,Men,4.4
1971-10,1971,Oct,2029,Men,4.2
1971-11,1971,Nov,2166,Men,4.5
1971-12,1971,Dec,2178,Men,4.5
1972-01,1972,Jan,2071,Men,4.3
1972-02,1972,Feb,1993,Men,4.1
1972-03,1972,Mar,2034,Men,4.2
1972-04,1972,Apr,2019,Men,4.1
1972-05,1972,May,2006,Men,4.1
1972-06,1972,Jun,1981,Men,4.0
1972-07,1972,Jul,1960,Men,4.0
1972-08,1972,Aug,1898,Men,3.9
1972-09,1972,Sep,1878,Men,3.8
1972-10,1972,Oct,1910,Men,3.9
1972-11,1972,Nov,1791,Men,3.6
1972-12,1972,Dec,1742,Men,3.5
1973-01,1973,Jan,1688,Men,3.4
1973-02,1973,Feb,1693,Men,3.4
1973-03,1973,Mar,1695,Men,3.4
1973-04,1973,Apr,1670,Men,3.4
1973-05,1973,May,1671,Men,3.4
1973-06,1973,Jun,1628,Men,3.3
1973-07,1973,Jul,1566,Men,3.1
1973-08,1973,Aug,1575,Men,3.2
1973-09,1973,Sep,1543,Men,3.1
1973-10,1973,Oct,1467,Men,2.9
1973-11,1973,Nov,1560,Men,3.1
1973-12,1973,Dec,1628,Men,3.2
1974-01,1974,Jan,1755,Men,3.5
1974-02,1974,Feb,1809,Men,3.6
1974-03,1974,Mar,1735,Men,3.4
1974-04,1974,Apr,1796,Men,3.5
1974-05,1974,May,1736,Men,3.4
1974-06,1974,Jun,1800,Men,3.5
1974-07,1974,Jul,1833,Men,3.6
1974-08,1974,Aug,1957,Men,3.8
1974-09,1974,Sep,1978,Men,3.9
1974-10,1974,Oct,2129,Men,4.2
1974-11,1974,Nov,2380,Men,4.6
1974-12,1974,Dec,2727,Men,5.3
1975-01,1975,Jan,3127,Men,6.1
1975-02,1975,Feb,3214,Men,6.3
1975-03,1975,Mar,3476,Men,6.8
1975-04,1975,Apr,3632,Men,7.1
1975-05,1975,May,3772,Men,7.3
1975-06,1975,Jun,3627,Men,7.1
1975-07,1975,Jul,3611,Men,7.0
1975-08,1975,Aug,3453,Men,6.7
1975-09,1975,Sep,3585,Men,6.9
1975-10,1975,Oct,3489,Men,6.8
1975-11,1975,Nov,3497,Men,6.8
1975-12,1975,Dec,3346,Men,6.5
1976-01,1976,Jan,3161,Men,6.1
1976-02,1976,Feb,3041,Men,5.9
1976-03,1976,Mar,3012,Men,5.8
1976-04,1976,Apr,3002,Men,5.8
1976-05,1976,May,2968,Men,5.7
1976-06,1976,Jun,3167,Men,6.1
1976-07,1976,Jul,3136,Men,6.0
1976-08,1976,Aug,3046,Men,5.8
1976-09,1976,Sep,3075,Men,5.9
1976-10,1976,Oct,3076,Men,5.8
1976-11,1976,Nov,3241,Men,6.1
1976-12,1976,Dec,3227,Men,6.1
1977-01,1977,Jan,3046,Men,5.8
1977-02,1977,Feb,3136,Men,5.9
1977-03,1977,Mar,2939,Men,5.5
1977-04,1977,Apr,2824,Men,5.3
1977-05,1977,May,2847,Men,5.4
1977-06,1977,Jun,2769,Men,5.2
1977-07,1977,Jul,2698,Men,5.1
1977-08,1977,Aug,2720,Men,5.1
1977-09,1977,Sep,2532,Men,4.7
1977-10,1977,Oct,2679,Men,5.0
1977-11,1977,Nov,2584,Men,4.8
1977-12,1977,Dec,2509,Men,4.6
1978-01,1978,Jan,2535,Men,4.7
1978-02,1978,Feb,2483,Men,4.6
1978-03,1978,Mar,2468,Men,4.6
1978-04,1978,Apr,2335,Men,4.3
1978-05,1978,May,2298,Men,4.2
1978-06,1978,Jun,2200,Men,4.0
1978-07,1978,Jul,2232,Men,4.1
1978-08,1978,Aug,2229,Men,4.1
1978-09,1978,Sep,2229,Men,4.1
1978-10,1978,Oct,2222,Men,4.1
1978-11,1978,Nov,2216,Men,4.0
1978-12,1978,Dec,2330,Men,4.2
1979-01,1979,Jan,2277,Men,4.1
1979-02,1979,Feb,2291,Men,4.1
1979-03,1979,Mar,2270,Men,4.1
1979-04,1979,Apr,2253,Men,4.1
1979-05,1979,May,2117,Men,3.8
1979-06,1979,Jun,2193,Men,4.0
1979-07,1979,Jul,2302,Men,4.1
1979-08,1979,Aug,2350,Men,4.2
1979-09,1979,Sep,2345,Men,4.2
1979-10,1979,Oct,2417,Men,4.3
1979-11,1979,Nov,2449,Men,4.4
1979-12,1979,Dec,2435,Men,4.3
1980-01,1980,Jan,2724,Men,4.8
1980-02,1980,Feb,2726,Men,4.8
1980-03,1980,Mar,2842,Men,5.1
1980-04,1980,Apr,3292,Men,5.8
1980-05,1980,May,3598,Men,6.4
1980-06,1980,Jun,3662,Men,6.5
1980-07,1980,Jul,3820,Men,6.8
1980-08,1980,Aug,3770,Men,6.7
1980-09,1980,Sep,3747,Men,6.6
1980-10,1980,Oct,3584,Men,6.3
1980-11,1980,Nov,3550,Men,6.3
1980-12,1980,Dec,3332,Men,5.9
1981-01,1981,Jan,3468,Men,6.1
1981-02,1981,Feb,3483,Men,6.1
1981-03,1981,Mar,3445,Men,6.0
1981-04,1981,Apr,3350,Men,5.9
1981-05,1981,May,3580,Men,6.2
1981-06,1981,Jun,3526,Men,6.2
1981-07,1981,Jul,3365,Men,5.9
1981-08,1981,Aug,3519,Men,6.1
1981-09,1981,Sep,3550,Men,6.2
1981-10,1981,Oct,3819,Men,6.7
1981-11,1981,Nov,4026,Men,7.0
1981-12,1981,Dec,4280,Men,7.5
1982-01,1982,Jan,4358,Men,7.6
1982-02,1982,Feb,4435,Men,7.7
1982-03,1982,Mar,4624,Men,8.0
1982-04,1982,Apr,4742,Men,8.2
1982-05,1982,May,4788,Men,8.3
1982-06,1982,Jun,5072,Men,8.7
1982-07,1982,Jul,5183,Men,8.9
1982-08,1982,Aug,5240,Men,9.0
1982-09,1982,Sep,5536,Men,9.5
1982-10,1982,Oct,5711,Men,9.8
1982-11,1982,Nov,5853,Men,10.0
1982-12,1982,Dec,5903,Men,10.1
1983-01,1983,Jan,5618,Men,9.7
1983-02,1983,Feb,5738,Men,9.9
1983-03,1983,Mar,5630,Men,9.7
1983-04,1983,Apr,5643,Men,9.7
1983-05,1983,May,5609,Men,9.6
1983-06,1983,Jun,5347,Men,9.1
1983-07,1983,Jul,5170,Men,8.8
1983-08,1983,Aug,5162,Men,8.7
1983-09,1983,Sep,5036,Men,8.5
1983-10,1983,Oct,4817,Men,8.2
1983-11,1983,Nov,4605,Men,7.8
1983-12,1983,Dec,4422,Men,7.5
1984-01,1984,Jan,4275,Men,7.2
1984-02,1984,Feb,4128,Men,7.0
1984-03,1984,Mar,4052,Men,6.8
1984-04,1984,Apr,4077,Men,6.9
1984-05,1984,May,3879,Men,6.5
1984-06,1984,Jun,3754,Men,6.3
1984-07,1984,Jul,3869,Men,6.5
1984-08,1984,Aug,3876,Men,6.5
1984-09,1984,Sep,3851,Men,6.4
1984-10,1984,Oct,3745,Men,6.2
1984-11,1984,Nov,3734,Men,6.2
1984-12,1984,Dec,3812,Men,6.3
1985-01,1985,Jan,3765,Men,6.3
1985-02,1985,Feb,3739,Men,6.2
1985-03,1985,Mar,3715,Men,6.2
1985-04,1985,Apr,3812,Men,6.3
1985-05,1985,May,3640,Men,6.0
1985-06,1985,Jun,3861,Men,6.4
1985-07,1985,Jul,3757,Men,6.2
1985-08,1985,Aug,3675,Men,6.1
1985-09,1985,Sep,3694,Men,6.1
1985-10,1985,Oct,3678,Men,6.1
1985-11,1985,Nov,3642,Men,6.0
1985-12,1985,Dec,3606,Men,6.0
1986-01,1986,Jan,3489,Men,5.7
1986-02,1986,Feb,3758,Men,6.2
1986-03,1986,Mar,3766,Men,6.2
1986-04,1986,Apr,3700,Men,6.1
1986-05,1986,May,3836,Men,6.3
1986-06,1986,Jun,3832,Men,6.3
1986-07,1986,Jul,3859,Men,6.3
1986-08,1986,Aug,3701,Men,6.0
1986-09,1986,Sep,3862,Men,6.3
1986-10,1986,Oct,3823,Men,6.2
1986-11,1986,Nov,3775,Men,6.1
1986-12,1986,Dec,3713,Men,6.0
1987-01,1987,Jan,3635,Men,5.9
1987-02,1987,Feb,3596,Men,5.8
1987-03,1987,Mar,3539,Men,5.7
1987-04,1987,Apr,3415,Men,5.5
1987-05,1987,May,3462,Men,5.6
1987-06,1987,Jun,3477,Men,5.6
1987-07,1987,Jul,3380,Men,5.4
1987-08,1987,Aug,3294,Men,5.3
1987-09,1987,Sep,3147,Men,5.1
1987-10,1987,Oct,3200,Men,5.1
1987-11,1987,Nov,3102,Men,5.0
1987-12,1987,Dec,3051,Men,4.9
1988-01,1988,Jan,3077,Men,4.9
1988-02,1988,Feb,3049,Men,4.9
1988-03,1988,Mar,3086,Men,4.9
1988-04,1988,Apr,2869,Men,4.6
1988-05,1988,May,3080,Men,4.9
1988-06,1988,Jun,2930,Men,4.7
1988-07,1988,Jul,2876,Men,4.6
1988-08,1988,Aug,3117,Men,4.9
1988-09,1988,Sep,2877,Men,4.6
1988-10,1988,Oct,2932,Men,4.7
1988-11,1988,Nov,2989,Men,4.7
1988-12,1988,Dec,2945,Men,4.7
1989-01,1989,Jan,2898,Men,4.6
1989-02,1989,Feb,2838,Men,4.5
1989-03,1989,Mar,2710,Men,4.3
1989-04,1989,Apr,2864,Men,4.5
1989-05,1989,May,2720,Men,4.3
1989-06,1989,Jun,2787,Men,4.4
1989-07,1989,Jul,2804,Men,4.4
1989-08,1989,Aug,2849,Men,4.5
1989-09,1989,Sep,3002,Men,4.7
1989-10,1989,Oct,2935,Men,4.6
1989-11,1989,Nov,2992,Men,4.7
1989-12,1989,Dec,2962,Men,4.6
1990-01,1990,Jan,3063,Men,4.7
1990-02,1990,Feb,2946,Men,4.5
1990-03,1990,Mar,2974,Men,4.6
1990-04,1990,Apr,3107,Men,4.8
1990-05,1990,May,3043,Men,4.7
1990-06,1990,Jun,3066,Men,4.7
1990-07,1990,Jul,3183,Men,4.9
1990-08,1990,Aug,3291,Men,5.1
1990-09,1990,Sep,3387,Men,5.2
1990-10,1990,Oct,3487,Men,5.4
1990-11,1990,Nov,3700,Men,5.7
1990-12,1990,Dec,3794,Men,5.8
1991-01,1991,Jan,3766,Men,5.8
1991-02,1991,Feb,4051,Men,6.2
1991-03,1991,Mar,4206,Men,6.4
1991-04,1991,Apr,4183,Men,6.4
1991-05,1991,May,4168,Men,6.4
1991-06,1991,Jun,4229,Men,6.5
1991-07,1991,Jul,4245,Men,6.5
1991-08,1991,Aug,4235,Men,6.5
1991-09,1991,Sep,4307,Men,6.6
1991-10,1991,Oct,4276,Men,6.5
1991-11,1991,Nov,4332,Men,6.6
1991-12,1991,Dec,4453,Men,6.8
1992-01,1992,Jan,4651,Men,7.1
1992-02,1992,Feb,4657,Men,7.1
1992-03,1992,Mar,4650,Men,7.0
1992-04,1992,Apr,4699,Men,7.1
1992-05,1992,May,4859,Men,7.3
1992-06,1992,Jun,4890,Men,7.4
1992-07,1992,Jul,4779,Men,7.2
1992-08,1992,Aug,4768,Men,7.2
1992-09,1992,Sep,4723,Men,7.1
1992-10,1992,Oct,4709,Men,7.1
1992-11,1992,Nov,4666,Men,7.0
1992-12,1992,Dec,4529,Men,6.8
1993-01,1993,Jan,4434,Men,6.7
1993-02,1993,Feb,4400,Men,6.6
1993-03,1993,Mar,4489,Men,6.8
1993-04,1993,Apr,4397,Men,6.6
1993-05,1993,May,4367,Men,6.5
1993-06,1993,Jun,4392,Men,6.6
1993-07,1993,Jul,4349,Men,6.5
1993-08,1993,Aug,4230,Men,6.3
1993-09,1993,Sep,4188,Men,6.3
1993-10,1993,Oct,4140,Men,6.2
1993-11,1993,Nov,3949,Men,5.9
1993-12,1993,Dec,3941,Men,5.9
1994-01,1994,Jan,3990,Men,6.0
1994-02,1994,Feb,4001,Men,6.0
1994-03,1994,Mar,3844,Men,5.8
1994-04,1994,Apr,3726,Men,5.6
1994-05,1994,May,3511,Men,5.3
1994-06,1994,Jun,3553,Men,5.3
1994-07,1994,Jul,3679,Men,5.5
1994-08,1994,Aug,3591,Men,5.4
1994-09,1994,Sep,3402,Men,5.1
1994-10,1994,Oct,3450,Men,5.1
1994-11,1994,Nov,3336,Men,4.9
1994-12,1994,Dec,3202,Men,4.7
1995-01,1995,Jan,3323,Men,4.9
1995-02,1995,Feb,3096,Men,4.6
1995-03,1995,Mar,3149,Men,4.7
1995-04,1995,Apr,3299,Men,4.9
1995-05,1995,May,3356,Men,5.0
1995-06,1995,Jun,3236,Men,4.8
1995-07,1995,Jul,3222,Men,4.8
1995-08,1995,Aug,3277,Men,4.9
1995-09,1995,Sep,3266,Men,4.8
1995-10,1995,Oct,3073,Men,4.6
1995-11,1995,Nov,3313,Men,4.9
1995-12,1995,Dec,3274,Men,4.9
1996-01,1996,Jan,3224,Men,4.8
1996-02,1996,Feb,3287,Men,4.9
1996-03,1996,Mar,3313,Men,4.9
1996-04,1996,Apr,3310,Men,4.9
1996-05,1996,May,3287,Men,4.8
1996-06,1996,Jun,3150,Men,4.6
1996-07,1996,Jul,3155,Men,4.6
1996-08,1996,Aug,2871,Men,4.2
1996-09,1996,Sep,3061,Men,4.5
1996-10,1996,Oct,2944,Men,4.3
1996-11,1996,Nov,3092,Men,4.5
1996-12,1996,Dec,2950,Men,4.3
1997-01,1997,Jan,3117,Men,4.5
1997-02,1997,Feb,3002,Men,4.4
1997-03,1997,Mar,3002,Men,4.4
1997-04,1997,Apr,2984,Men,4.3
1997-05,1997,May,2731,Men,4.0
1997-06,1997,Jun,2893,Men,4.2
1997-07,1997,Jul,2778,Men,4.0
1997-08,1997,Aug,2776,Men,4.0
1997-09,1997,Sep,2797,Men,4.0
1997-10,1997,Oct,2795,Men,4.0
1997-11,1997,Nov,2713,Men,3.9
1997-12,1997,Dec,2870,Men,4.1
1998-01,1998,Jan,2667,Men,3.8
1998-02,1998,Feb,2590,Men,3.7
1998-03,1998,Mar,2683,Men,3.9
1998-04,1998,Apr,2460,Men,3.5
1998-05,1998,May,2503,Men,3.6
1998-06,1998,Jun,2592,Men,3.7
1998-07,1998,Jul,2705,Men,3.9
1998-08,1998,Aug,2560,Men,3.7
1998-09,1998,Sep,2630,Men,3.8
1998-10,1998,Oct,2526,Men,3.6
1998-11,1998,Nov,2462,Men,3.5
1998-12,1998,Dec,2537,Men,3.6
1999-01,1999,Jan,2418,Men,3.4
1999-02,1999,Feb,2601,Men,3.7
1999-03,1999,Mar,2252,Men,3.2
1999-04,1999,Apr,2396,Men,3.4
1999-05,1999,May,2490,Men,3.6
1999-06,1999,Jun,2484,Men,3.5
1999-07,1999,Jul,2521,Men,3.6
1999-08,1999,Aug,2497,Men,3.6
1999-09,1999,Sep,2422,Men,3.4
1999-10,1999,Oct,2449,Men,3.5
1999-11,1999,Nov,2322,Men,3.3
1999-12,1999,Dec,2339,Men,3.3
2000-01,2000,Jan,2353,Men,3.3
2000-02,2000,Feb,2499,Men,3.5
2000-03,2000,Mar,2328,Men,3.2
2000-04,2000,Apr,2251,Men,3.1
2000-05,2000,May,2367,Men,3.3
2000-06,2000,Jun,2300,Men,3.2
2000-07,2000,Jul,2350,Men,3.3
2000-08,2000,Aug,2349,Men,3.3
2000-09,2000,Sep,2377,Men,3.3
2000-10,2000,Oct,2411,Men,3.3
2000-11,2000,Nov,2432,Men,3.4
2000-12,2000,Dec,2468,Men,3.4
2001-01,2001,Jan,2591,Men,3.6
2001-02,2001,Feb,2664,Men,3.7
2001-03,2001,Mar,2723,Men,3.8
2001-04,2001,Apr,2811,Men,3.9
2001-05,2001,May,2809,Men,3.9
2001-06,2001,Jun,2914,Men,4.0
2001-07,2001,Jul,2952,Men,4.1
2001-08,2001,Aug,3182,Men,4.4
2001-09,2001,Sep,3152,Men,4.3
2001-10,2001,Oct,3491,Men,4.8
2001-11,2001,Nov,3683,Men,5.0
2001-12,2001,Dec,3735,Men,5.1
2002-01,2002,Jan,3808,Men,5.2
2002-02,2002,Feb,3801,Men,5.2
2002-03,2002,Mar,3815,Men,5.2
2002-04,2002,Apr,3933,Men,5.4
2002-05,2002,May,3827,Men,5.2
2002-06,2002,Jun,3903,Men,5.3
2002-07,2002,Jul,3870,Men,5.3
2002-08,2002,Aug,3853,Men,5.2
2002-09,2002,Sep,3849,Men,5.2
2002-10,2002,Oct,3917,Men,5.3
2002-11,2002,Nov,4050,Men,5.5
2002-12,2002,Dec,4130,Men,5.6
2003-01,2003,Jan,4111,Men,5.6
2003-02,2003,Feb,4074,Men,5.5
2003-03,2003,Mar,3993,Men,5.4
2003-04,2003,Apr,4276,Men,5.7
2003-05,2003,May,4322,Men,5.8
2003-06,2003,Jun,4506,Men,6.0
2003-07,2003,Jul,4402,Men,5.9
2003-08,2003,Aug,4340,Men,5.8
2003-09,2003,Sep,4279,Men,5.7
2003-10,2003,Oct,4192,Men,5.6
2003-11,2003,Nov,4200,Men,5.6
2003-12,2003,Dec,3905,Men,5.2
2004-01,2004,Jan,3878,Men,5.2
2004-02,2004,Feb,3804,Men,5.1
2004-03,2004,Mar,3912,Men,5.2
2004-04,2004,Apr,3796,Men,5.1
2004-05,2004,May,3875,Men,5.2
2004-06,2004,Jun,3822,Men,5.1
2004-07,2004,Jul,3739,Men,5.0
2004-08,2004,Aug,3772,Men,5.0
2004-09,2004,Sep,3740,Men,5.0
2004-10,2004,Oct,3733,Men,4.9
2004-11,2004,Nov,3714,Men,4.9
2004-12,2004,Dec,3652,Men,4.8
2005-01,2005,Jan,3591,Men,4.7
2005-02,2005,Feb,3641,Men,4.8
2005-03,2005,Mar,3487,Men,4.6
2005-04,2005,Apr,3357,Men,4.4
2005-05,2005,May,3312,Men,4.3
2005-06,2005,Jun,3311,Men,4.3
2005-07,2005,Jul,3240,Men,4.2
2005-08,2005,Aug,3322,Men,4.3
2005-09,2005,Sep,3431,Men,4.5
2005-10,2005,Oct,3301,Men,4.3
2005-11,2005,Nov,3318,Men,4.3
2005-12,2005,Dec,3284,Men,4.3
2006-01,2006,Jan,3124,Men,4.1
2006-02,2006,Feb,3228,Men,4.2
2006-03,2006,Mar,3144,Men,4.1
2006-04,2006,Apr,3241,Men,4.2
2006-05,2006,May,3239,Men,4.2
2006-06,2006,Jun,3083,Men,4.0
2006-07,2006,Jul,3191,Men,4.1
2006-08,2006,Aug,3207,Men,4.1
2006-09,2006,Sep,2902,Men,3.7
2006-10,2006,Oct,3012,Men,3.9
2006-11,2006,Nov,3088,Men,4.0
2006-12,2006,Dec,3079,Men,3.9
2007-01,2007,Jan,3318,Men,4.2
2007-02,2007,Feb,3282,Men,4.2
2007-03,2007,Mar,3124,Men,4.0
2007-04,2007,Apr,3156,Men,4.0
2007-05,2007,May,3115,Men,4.0
2007-06,2007,Jun,3178,Men,4.0
2007-07,2007,Jul,3275,Men,4.2
2007-08,2007,Aug,3210,Men,4.1
2007-09,2007,Sep,3284,Men,4.2
2007-10,2007,Oct,3356,Men,4.3
2007-11,2007,Nov,3282,Men,4.2
2007-12,2007,Dec,3501,Men,4.4
2008-01,2008,Jan,3538,Men,4.5
2008-02,2008,Feb,3491,Men,4.4
2008-03,2008,Mar,3671,Men,4.6
2008-04,2008,Apr,3647,Men,4.6
2008-05,2008,May,3859,Men,4.9
2008-06,2008,Jun,4021,Men,5.1
2008-07,2008,Jul,4284,Men,5.4
2008-08,2008,Aug,4482,Men,5.7
2008-09,2008,Sep,4796,Men,6.1
2008-10,2008,Oct,5013,Men,6.3
2008-11,2008,Nov,5280,Men,6.7
2008-12,2008,Dec,5831,Men,7.4
2009-01,2009,Jan,6259,Men,7.9
2009-02,2009,Feb,6746,Men,8.5
2009-03,2009,Mar,7104,Men,9.0
2009-04,2009,Apr,7494,Men,9.5
2009-05,2009,May,7796,Men,9.8
2009-06,2009,Jun,7822,Men,9.9
2009-07,2009,Jul,7725,Men,9.8
2009-08,2009,Aug,7905,Men,10.0
2009-09,2009,Sep,7962,Men,10.1
2009-10,2009,Oct,8196,Men,10.4
2009-11,2009,Nov,8106,Men,10.3
2009-12,2009,Dec,7957,Men,10.1
2010-01,2010,Jan,8049,Men,10.2
2010-02,2010,Feb,8064,Men,10.3
2010-03,2010,Mar,8032,Men,10.2
2010-04,2010,Apr,8068,Men,10.2
2010-05,2010,May,7679,Men,9.7
2010-06,2010,Jun,7668,Men,9.7
2010-07,2010,Jul,7566,Men,9.6
2010-08,2010,Aug,7637,Men,9.6
2010-09,2010,Sep,7578,Men,9.6
2010-10,2010,Oct,7370,Men,9.4
2010-11,2010,Nov,7804,Men,9.9
2010-12,2010,Dec,7394,Men,9.4
2011-01,2011,Jan,7102,Men,9.0
2011-02,2011,Feb,7005,Men,8.9
2011-03,2011,Mar,6951,Men,8.8
2011-04,2011,Apr,7057,Men,8.9
2011-05,2011,May,6996,Men,8.8
2011-06,2011,Jun,7086,Men,9.0
2011-07,2011,Jul,6974,Men,8.8
2011-08,2011,Aug,6910,Men,8.7
2011-09,2011,Sep,6860,Men,8.7
2011-10,2011,Oct,6807,Men,8.6
2011-11,2011,Nov,6546,Men,8.2
2011-12,2011,Dec,6375,Men,8.0
2012-01,2012,Jan,6129,Men,7.7
2012-02,2012,Feb,6126,Men,7.7
2012-03,2012,Mar,6112,Men,7.7
2012-04,2012,Apr,6008,Men,7.6
2012-05,2012,May,6097,Men,7.7
2012-06,2012,Jun,6151,Men,7.7
2012-07,2012,Jul,6075,Men,7.7
2012-08,2012,Aug,5981,Men,7.6
2012-09,2012,Sep,5811,Men,7.3
2012-10,2012,Oct,5767,Men,7.2
2012-11,2012,Nov,5706,Men,7.2
2012-12,2012,Dec,5742,Men,7.2
2013-01,2013,Jan,6016,Men,7.5
2013-02,2013,Feb,5609,Men,7.0
2013-03,2013,Mar,5512,Men,6.9
2013-04,2013,Apr,5708,Men,7.2
2013-05,2013,May,5692,Men,7.1
2013-06,2013,Jun,5625,Men,7.0
2013-07,2013,Jul,5557,Men,7.0
2013-08,2013,Aug,5655,Men,7.1
2013-09,2013,Sep,5652,Men,7.1
2013-10,2013,Oct,5471,Men,6.9
2013-11,2013,Nov,5292,Men,6.6
2013-12,2013,Dec,4985,Men,6.3
2014-01,2014,Jan,4979,Men,6.2
2014-02,2014,Feb,5029,Men,6.3
2014-03,2014,Mar,4859,Men,6.1
2014-04,2014,Apr,4671,Men,5.9
2014-05,2014,May,4740,Men,5.9
2014-06,2014,Jun,4585,Men,5.7
2014-07,2014,Jul,4531,Men,5.7
2014-08,2014,Aug,4602,Men,5.7
2014-09,2014,Sep,4258,Men,5.3
2014-10,2014,Oct,4062,Men,5.1
2014-11,2014,Nov,4365,Men,5.4
2014-12,2014,Dec,4203,Men,5.2
2015-01,2015,Jan,4269,Men,5.3
2015-02,2015,Feb,4179,Men,5.2
2015-03,2015,Mar,4074,Men,5.1
2015-04,2015,Apr,4068,Men,5.0
2015-05,2015,May,4179,Men,5.2
2015-06,2015,Jun,3904,Men,4.8
2015-07,2015,Jul,3847,Men,4.8
2015-08,2015,Aug,3788,Men,4.7
2015-09,2015,Sep,3765,Men,4.7
2015-10,2015,Oct,3771,Men,4.7
2015-11,2015,Nov,3836,Men,4.8
2015-12,2015,Dec,3764,Men,4.6
2016-01,2016,Jan,3492,Men,4.3
2016-02,2016,Feb,3615,Men,4.4
2016-03,2016,Mar,3668,Men,4.5
2016-04,2016,Apr,3823,Men,4.7
2016-05,2016,May,3611,Men,4.4
2016-06,2016,Jun,3669,Men,4.5
2016-07,2016,Jul,3809,Men,4.7
2016-08,2016,Aug,3676,Men,4.5
2016-09,2016,Sep,3831,Men,4.7
2016-10,2016,Oct,3753,Men,4.6
2016-11,2016,Nov,3568,Men,4.4
2016-12,2016,Dec,3579,Men,4.4
2017-01,2017,Jan,3487,Men,4.3
2017-02,2017,Feb,3477,Men,4.2
2017-03,2017,Mar,3403,Men,4.2
2017-04,2017,Apr,3239,Men,3.9
2017-05,2017,May,3210,Men,3.9
2017-06,2017,Jun,3222,Men,3.9
2017-07,2017,Jul,3271,Men,4.0
2017-08,2017,Aug,3395,Men,4.1
2017-09,2017,Sep,3242,Men,3.9
2017-10,2017,Oct,3223,Men,3.9
2017-11,2017,Nov,3139,Men,3.8
2017-12,2017,Dec,3131,Men,3.8
2018-01,2018,Jan,3078,Men,3.7
2018-02,2018,Feb,2983,Men,3.6
2018-03,2018,Mar,3011,Men,3.6
2018-04,2018,Apr,3120,Men,3.7
2018-05,2018,May,2972,Men,3.6
2018-06,2018,Jun,3067,Men,3.7
2018-07,2018,Jul,2813,Men,3.4
2018-08,2018,Aug,2898,Men,3.5
2018-09,2018,Sep,2929,Men,3.5
2018-10,2018,Oct,2990,Men,3.6
2018-11,2018,Nov,2820,Men,3.4
2018-12,2018,Dec,3036,Men,3.6
2019-01,2019,Jan,3045,Men,3.6
2019-02,2019,Feb,2806,Men,3.4
2019-03,2019,Mar,2972,Men,3.6
2019-04,2019,Apr,2838,Men,3.4
2019-05,2019,May,2806,Men,3.4
2019-06,2019,Jun,2750,Men,3.3
2019-07,2019,Jul,2794,Men,3.3
2019-08,2019,Aug,2828,Men,3.4
2019-09,2019,Sep,2758,Men,3.3
2019-10,2019,Oct,2832,Men,3.4
2019-11,2019,Nov,2733,Men,3.2
2019-12,2019,Dec,2665,Men,3.2
2020-01,2020,Jan,2656,Men,3.2
2020-02,2020,Feb,2705,Men,3.2
2020-03,2020,Mar,3395,Men,4.1
2020-04,2020,Apr,10471,Men,13.0
2020-05,2020,May,9376,Men,11.6
2020-06,2020,Jun,8280,Men,10.1
2020-07,2020,Jul,7659,Men,9.3
2020-08,2020,Aug,6531,Men,7.9
2020-09,2020,Sep,6050,Men,7.4
2020-10,2020,Oct,5544,Men,6.7
2020-11,2020,Nov,5460,Men,6.6
2020-12,2020,Dec,5288,Men,6.4
2021-01,2021,Jan,4980,Men,6.1
2021-02,2021,Feb,4907,Men,6.0
2021-03,2021,Mar,4792,Men,5.9
2021-04,2021,Apr,4958,Men,6.0
2021-05,2021,May,4817,Men,5.9
2021-06,2021,Jun,4851,Men,5.9
2021-07,2021,Jul,4436,Men,5.4
2021-08,2021,Aug,4186,Men,5.1
2021-09,2021,Sep,3902,Men,4.7
2021-10,2021,Oct,3531,Men,4.3
2021-11,2021,Nov,3256,Men,3.9
2021-12,2021,Dec,3010,Men,3.6
2022-01,2022,Jan,3190,Men,3.8
2022-02,2022,Feb,2971,Men,3.5
2022-03,2022,Mar,2877,Men,3.4
2022-04,2022,Apr,2963,Men,3.5
2022-05,2022,May,2834,Men,3.4
2022-06,2022,Jun,2818,Men,3.4
2022-07,2022,Jul,2720,Men,3.2
2022-08,2022,Aug,2929,Men,3.5
2022-09,2022,Sep,2786,Men,3.3
2022-10,2022,Oct,2829,Men,3.3
2022-11,2022,Nov,2827,Men,3.3
2022-12,2022,Dec,2661,Men,3.1
2023-01,2023,Jan,2760,Men,3.2
2023-02,2023,Feb,2803,Men,3.3
2023-03,2023,Mar,2880,Men,3.4
2023-04,2023,Apr,2778,Men,3.3
2023-05,2023,May,2961,Men,3.5
2023-06,2023,Jun,2906,Men,3.4
2023-07,2023,Jul,2817,Men,3.3
2023-08,2023,Aug,3157,Men,3.7
