yearAndMonth,Year,Month,Employment Level (in thousands),Gender,Employment Rate (in percentage)
1969-01,1969,Jan,25777,Women,40.4
1969-02,1969,Feb,26092,Women,40.9
1969-03,1969,Mar,26115,Women,40.9
1969-04,1969,Apr,26233,Women,41.0
1969-05,1969,May,26283,Women,41.0
1969-06,1969,Jun,26429,Women,41.2
1969-07,1969,Jul,26516,Women,41.2
1969-08,1969,Aug,26556,Women,41.2
1969-09,1969,Sep,26572,Women,41.2
1969-10,1969,Oct,26658,Women,41.3
1969-11,1969,Nov,26652,Women,41.2
1969-12,1969,Dec,26832,Women,41.4
1970-01,1970,Jan,26908,Women,41.5
1970-02,1970,Feb,26828,Women,41.3
1970-03,1970,Mar,26933,Women,41.4
1970-04,1970,Apr,27114,Women,41.6
1970-05,1970,May,26739,Women,41.0
1970-06,1970,Jun,26904,Women,41.2
1970-07,1970,Jul,27083,Women,41.4
1970-08,1970,Aug,27011,Women,41.2
1970-09,1970,Sep,26784,Women,40.8
1970-10,1970,Oct,27058,Women,41.1
1970-11,1970,Nov,27020,Women,41.0
1970-12,1970,Dec,27038,Women,41.0
1971-01,1971,Jan,27173,Women,41.1
1971-02,1971,Feb,27040,Women,40.9
1971-03,1971,Mar,26967,Women,40.7
1971-04,1971,Apr,26984,Women,40.6
1971-05,1971,May,27056,Women,40.7
1971-06,1971,Jun,27013,Women,40.5
1971-07,1971,Jul,27054,Women,40.5
1971-08,1971,Aug,27171,Women,40.7
1971-09,1971,Sep,27390,Women,40.9
1971-10,1971,Oct,27538,Women,41.1
1971-11,1971,Nov,27721,Women,41.3
1971-12,1971,Dec,27791,Women,41.3
1972-01,1972,Jan,27956,Women,41.2
1972-02,1972,Feb,28016,Women,41.2
1972-03,1972,Mar,28126,Women,41.3
1972-04,1972,Apr,28114,Women,41.2
1972-05,1972,May,28184,Women,41.3
1972-06,1972,Jun,28175,Women,41.2
1972-07,1972,Jul,28225,Women,41.2
1972-08,1972,Aug,28382,Women,41.3
1972-09,1972,Sep,28417,Women,41.3
1972-10,1972,Oct,28438,Women,41.3
1972-11,1972,Nov,28567,Women,41.4
1972-12,1972,Dec,28698,Women,41.5
1973-01,1973,Jan,28596,Women,41.3
1973-02,1973,Feb,28995,Women,41.8
1973-03,1973,Mar,29110,Women,41.9
1973-04,1973,Apr,29304,Women,42.1
1973-05,1973,May,29432,Women,42.3
1973-06,1973,Jun,29505,Women,42.3
1973-07,1973,Jul,29592,Women,42.4
1973-08,1973,Aug,29578,Women,42.3
1973-09,1973,Sep,29710,Women,42.4
1973-10,1973,Oct,29885,Women,42.6
1973-11,1973,Nov,30071,Women,42.8
1973-12,1973,Dec,29991,Women,42.6
1974-01,1974,Jan,29893,Women,42.4
1974-02,1974,Feb,30146,Women,42.7
1974-03,1974,Mar,30293,Women,42.8
1974-04,1974,Apr,30376,Women,42.9
1974-05,1974,May,30424,Women,42.9
1974-06,1974,Jun,30512,Women,42.9
1974-07,1974,Jul,30869,Women,43.3
1974-08,1974,Aug,30662,Women,43.0
1974-09,1974,Sep,30569,Women,42.8
1974-10,1974,Oct,30570,Women,42.7
1974-11,1974,Nov,30424,Women,42.4
1974-12,1974,Dec,30431,Women,42.4
1975-01,1975,Jan,30343,Women,42.2
1975-02,1975,Feb,30215,Women,42.0
1975-03,1975,Mar,30334,Women,42.1
1975-04,1975,Apr,30410,Women,42.1
1975-05,1975,May,30483,Women,42.1
1975-06,1975,Jun,30618,Women,42.2
1975-07,1975,Jul,30794,Women,42.4
1975-08,1975,Aug,30966,Women,42.5
1975-09,1975,Sep,30979,Women,42.5
1975-10,1975,Oct,31121,Women,42.6
1975-11,1975,Nov,31135,Women,42.6
1975-12,1975,Dec,31268,Women,42.7
1976-01,1976,Jan,31595,Women,43.1
1976-02,1976,Feb,31680,Women,43.1
1976-03,1976,Mar,31842,Women,43.3
1976-04,1976,Apr,31951,Women,43.3
1976-05,1976,May,32147,Women,43.5
1976-06,1976,Jun,32267,Women,43.6
1976-07,1976,Jul,32334,Women,43.6
1976-08,1976,Aug,32437,Women,43.7
1976-09,1976,Sep,32390,Women,43.6
1976-10,1976,Oct,32412,Women,43.5
1976-11,1976,Nov,32753,Women,43.9
1976-12,1976,Dec,32914,Women,44.1
1977-01,1977,Jan,32872,Women,44.0
1977-02,1977,Feb,32997,Women,44.1
1977-03,1977,Mar,33246,Women,44.3
1977-04,1977,Apr,33470,Women,44.6
1977-05,1977,May,33851,Women,45.0
1977-06,1977,Jun,33678,Women,44.7
1977-07,1977,Jul,33749,Women,44.7
1977-08,1977,Aug,33809,Women,44.7
1977-09,1977,Sep,34218,Women,45.2
1977-10,1977,Oct,34187,Women,45.0
1977-11,1977,Nov,34536,Women,45.4
1977-12,1977,Dec,34668,Women,45.5
1978-01,1978,Jan,34948,Women,45.8
1978-02,1978,Feb,35118,Women,46.0
1978-03,1978,Mar,35310,Women,46.2
1978-04,1978,Apr,35546,Women,46.4
1978-05,1978,May,35597,Women,46.4
1978-06,1978,Jun,35828,Women,46.6
1978-07,1978,Jul,35764,Women,46.4
1978-08,1978,Aug,35856,Women,46.5
1978-09,1978,Sep,36274,Women,46.9
1978-10,1978,Oct,36525,Women,47.2
1978-11,1978,Nov,36559,Women,47.2
1978-12,1978,Dec,36686,Women,47.2
1979-01,1979,Jan,36697,Women,47.2
1979-02,1979,Feb,36904,Women,47.4
1979-03,1979,Mar,37159,Women,47.6
1979-04,1979,Apr,36944,Women,47.3
1979-05,1979,May,37134,Women,47.4
1979-06,1979,Jun,37221,Women,47.5
1979-07,1979,Jul,37514,Women,47.8
1979-08,1979,Aug,37548,Women,47.7
1979-09,1979,Sep,37798,Women,48.0
1979-10,1979,Oct,37931,Women,48.0
1979-11,1979,Nov,38065,Women,48.1
1979-12,1979,Dec,38259,Women,48.3
1980-01,1980,Jan,38367,Women,48.3
1980-02,1980,Feb,38389,Women,48.3
1980-03,1980,Mar,38406,Women,48.2
1980-04,1980,Apr,38427,Women,48.2
1980-05,1980,May,38335,Women,48.0
1980-06,1980,Jun,38312,Women,47.9
1980-07,1980,Jul,38374,Women,47.9
1980-08,1980,Aug,38511,Women,48.0
1980-09,1980,Sep,38595,Women,48.0
1980-10,1980,Oct,38620,Women,48.0
1980-11,1980,Nov,38795,Women,48.1
1980-12,1980,Dec,38737,Women,48.0
1981-01,1981,Jan,39042,Women,48.3
1981-02,1981,Feb,39280,Women,48.5
1981-03,1981,Mar,39464,Women,48.7
1981-04,1981,Apr,39628,Women,48.8
1981-05,1981,May,39759,Women,48.9
1981-06,1981,Jun,39682,Women,48.7
1981-07,1981,Jul,39683,Women,48.7
1981-08,1981,Aug,39723,Women,48.6
1981-09,1981,Sep,39342,Women,48.1
1981-10,1981,Oct,39843,Women,48.6
1981-11,1981,Nov,39908,Women,48.6
1981-12,1981,Dec,39708,Women,48.3
1982-01,1982,Jan,39821,Women,48.4
1982-02,1982,Feb,39859,Women,48.4
1982-03,1982,Mar,39936,Women,48.4
1982-04,1982,Apr,39848,Women,48.2
1982-05,1982,May,40121,Women,48.5
1982-06,1982,Jun,40219,Women,48.6
1982-07,1982,Jul,40228,Women,48.5
1982-08,1982,Aug,40336,Women,48.6
1982-09,1982,Sep,40275,Women,48.4
1982-10,1982,Oct,40105,Women,48.2
1982-11,1982,Nov,40111,Women,48.1
1982-12,1982,Dec,40164,Women,48.2
1983-01,1983,Jan,40268,Women,48.2
1983-02,1983,Feb,40336,Women,48.3
1983-03,1983,Mar,40368,Women,48.2
1983-04,1983,Apr,40542,Women,48.4
1983-05,1983,May,40538,Women,48.3
1983-06,1983,Jun,40695,Women,48.4
1983-07,1983,Jul,41041,Women,48.8
1983-08,1983,Aug,41314,Women,49.1
1983-09,1983,Sep,41650,Women,49.4
1983-10,1983,Oct,41597,Women,49.3
1983-11,1983,Nov,41788,Women,49.4
1983-12,1983,Dec,41852,Women,49.4
1984-01,1984,Jan,41812,Women,49.3
1984-02,1984,Feb,42196,Women,49.7
1984-03,1984,Mar,42328,Women,49.8
1984-04,1984,Apr,42512,Women,49.9
1984-05,1984,May,43071,Women,50.5
1984-06,1984,Jun,42944,Women,50.3
1984-07,1984,Jul,42979,Women,50.3
1984-08,1984,Aug,42885,Women,50.1
1984-09,1984,Sep,42967,Women,50.1
1984-10,1984,Oct,43052,Women,50.2
1984-11,1984,Nov,43244,Women,50.3
1984-12,1984,Dec,43472,Women,50.6
1985-01,1985,Jan,43589,Women,50.7
1985-02,1985,Feb,43787,Women,50.9
1985-03,1985,Mar,44035,Women,51.1
1985-04,1985,Apr,44000,Women,51.0
1985-05,1985,May,43905,Women,50.8
1985-06,1985,Jun,43958,Women,50.8
1985-07,1985,Jul,43975,Women,50.8
1985-08,1985,Aug,44103,Women,50.9
1985-09,1985,Sep,44395,Women,51.2
1985-10,1985,Oct,44565,Women,51.3
1985-11,1985,Nov,44617,Women,51.3
1985-12,1985,Dec,44889,Women,51.6
1986-01,1986,Jan,44944,Women,51.6
1986-02,1986,Feb,44804,Women,51.4
1986-03,1986,Mar,44960,Women,51.5
1986-04,1986,Apr,45081,Women,51.6
1986-05,1986,May,45289,Women,51.8
1986-06,1986,Jun,45621,Women,52.1
1986-07,1986,Jul,45837,Women,52.3
1986-08,1986,Aug,45926,Women,52.4
1986-09,1986,Sep,45972,Women,52.4
1986-10,1986,Oct,46046,Women,52.4
1986-11,1986,Nov,46070,Women,52.4
1986-12,1986,Dec,46132,Women,52.4
1987-01,1987,Jan,46219,Women,52.4
1987-02,1987,Feb,46444,Women,52.6
1987-03,1987,Mar,46549,Women,52.7
1987-04,1987,Apr,46746,Women,52.9
1987-05,1987,May,47052,Women,53.2
1987-06,1987,Jun,47102,Women,53.2
1987-07,1987,Jul,47229,Women,53.3
1987-08,1987,Aug,47322,Women,53.4
1987-09,1987,Sep,47285,Women,53.3
1987-10,1987,Oct,47533,Women,53.5
1987-11,1987,Nov,47622,Women,53.6
1987-12,1987,Dec,47781,Women,53.7
1988-01,1988,Jan,47862,Women,53.7
1988-02,1988,Feb,47919,Women,53.7
1988-03,1988,Mar,48090,Women,53.9
1988-04,1988,Apr,48147,Women,53.9
1988-05,1988,May,47946,Women,53.6
1988-06,1988,Jun,48146,Women,53.8
1988-07,1988,Jul,48186,Women,53.8
1988-08,1988,Aug,48467,Women,54.1
1988-09,1988,Sep,48511,Women,54.1
1988-10,1988,Oct,48859,Women,54.4
1988-11,1988,Nov,49254,Women,54.8
1988-12,1988,Dec,49257,Women,54.8
1989-01,1989,Jan,49529,Women,55.0
1989-02,1989,Feb,49497,Women,54.9
1989-03,1989,Mar,49503,Women,54.9
1989-04,1989,Apr,49565,Women,54.9
1989-05,1989,May,49583,Women,54.8
1989-06,1989,Jun,49542,Women,54.7
1989-07,1989,Jul,49693,Women,54.8
1989-08,1989,Aug,49804,Women,54.9
1989-09,1989,Sep,50015,Women,55.1
1989-10,1989,Oct,49871,Women,54.9
1989-11,1989,Nov,50221,Women,55.2
1989-12,1989,Dec,50116,Women,55.0
1990-01,1990,Jan,50436,Women,55.3
1990-02,1990,Feb,50438,Women,55.3
1990-03,1990,Mar,50463,Women,55.3
1990-04,1990,Apr,50457,Women,55.2
1990-05,1990,May,50646,Women,55.4
1990-06,1990,Jun,50550,Women,55.2
1990-07,1990,Jul,50514,Women,55.1
1990-08,1990,Aug,50635,Women,55.2
1990-09,1990,Sep,50587,Women,55.1
1990-10,1990,Oct,50616,Women,55.0
1990-11,1990,Nov,50541,Women,54.9
1990-12,1990,Dec,50530,Women,54.8
1991-01,1991,Jan,50472,Women,54.7
1991-02,1991,Feb,50523,Women,54.7
1991-03,1991,Mar,50422,Women,54.6
1991-04,1991,Apr,50760,Women,54.9
1991-05,1991,May,50457,Women,54.5
1991-06,1991,Jun,50585,Women,54.6
1991-07,1991,Jul,50636,Women,54.6
1991-08,1991,Aug,50601,Women,54.5
1991-09,1991,Sep,50864,Women,54.7
1991-10,1991,Oct,50811,Women,54.6
1991-11,1991,Nov,50759,Women,54.5
1991-12,1991,Dec,50728,Women,54.4
1992-01,1992,Jan,51095,Women,54.8
1992-02,1992,Feb,51033,Women,54.7
1992-03,1992,Mar,51204,Women,54.8
1992-04,1992,Apr,51323,Women,54.9
1992-05,1992,May,51245,Women,54.8
1992-06,1992,Jun,51383,Women,54.9
1992-07,1992,Jul,51458,Women,54.9
1992-08,1992,Aug,51386,Women,54.8
1992-09,1992,Sep,51359,Women,54.7
1992-10,1992,Oct,51373,Women,54.6
1992-11,1992,Nov,51535,Women,54.8
1992-12,1992,Dec,51524,Women,54.7
1993-01,1993,Jan,51505,Women,54.6
1993-02,1993,Feb,51573,Women,54.7
1993-03,1993,Mar,51808,Women,54.9
1993-04,1993,Apr,51732,Women,54.8
1993-05,1993,May,51996,Women,55.0
1993-06,1993,Jun,52183,Women,55.2
1993-07,1993,Jul,52088,Women,55.0
1993-08,1993,Aug,52294,Women,55.2
1993-09,1993,Sep,52241,Women,55.1
1993-10,1993,Oct,52379,Women,55.2
1993-11,1993,Nov,52531,Women,55.3
1993-12,1993,Dec,52813,Women,55.6
1994-01,1994,Jan,53052,Women,55.8
1994-02,1994,Feb,53266,Women,56.0
1994-03,1994,Mar,53099,Women,55.8
1994-04,1994,Apr,53274,Women,55.9
1994-05,1994,May,53624,Women,56.3
1994-06,1994,Jun,53393,Women,56.0
1994-07,1994,Jul,53531,Women,56.1
1994-08,1994,Aug,53744,Women,56.3
1994-09,1994,Sep,53991,Women,56.4
1994-10,1994,Oct,54071,Women,56.5
1994-11,1994,Nov,54168,Women,56.5
1994-12,1994,Dec,54054,Women,56.4
1995-01,1995,Jan,54087,Women,56.4
1995-02,1995,Feb,54226,Women,56.5
1995-03,1995,Mar,54141,Women,56.4
1995-04,1995,Apr,54366,Women,56.6
1995-05,1995,May,54272,Women,56.5
1995-06,1995,Jun,54020,Women,56.2
1995-07,1995,Jul,54476,Women,56.6
1995-08,1995,Aug,54434,Women,56.5
1995-09,1995,Sep,54507,Women,56.5
1995-10,1995,Oct,54692,Women,56.7
1995-11,1995,Nov,54850,Women,56.8
1995-12,1995,Dec,54674,Women,56.6
1996-01,1996,Jan,54580,Women,56.4
1996-02,1996,Feb,54844,Women,56.7
1996-03,1996,Mar,54994,Women,56.8
1996-04,1996,Apr,55067,Women,56.9
1996-05,1996,May,55034,Women,56.8
1996-06,1996,Jun,55177,Women,56.9
1996-07,1996,Jul,55362,Women,57.0
1996-08,1996,Aug,55525,Women,57.2
1996-09,1996,Sep,55669,Women,57.3
1996-10,1996,Oct,55750,Women,57.3
1996-11,1996,Nov,55896,Women,57.4
1996-12,1996,Dec,55849,Women,57.3
1997-01,1997,Jan,56024,Women,57.4
1997-02,1997,Feb,55955,Women,57.3
1997-03,1997,Mar,56270,Women,57.6
1997-04,1997,Apr,56347,Women,57.7
1997-05,1997,May,56446,Women,57.7
1997-06,1997,Jun,56573,Women,57.8
1997-07,1997,Jul,56785,Women,58.0
1997-08,1997,Aug,56852,Women,58.0
1997-09,1997,Sep,56931,Women,58.0
1997-10,1997,Oct,56982,Women,58.1
1997-11,1997,Nov,57039,Women,58.1
1997-12,1997,Dec,57219,Women,58.2
1998-01,1998,Jan,56941,Women,57.9
1998-02,1998,Feb,56992,Women,57.9
1998-03,1998,Mar,57080,Women,57.9
1998-04,1998,Apr,57074,Women,57.9
1998-05,1998,May,57155,Women,57.9
1998-06,1998,Jun,57156,Women,57.9
1998-07,1998,Jul,57192,Women,57.9
1998-08,1998,Aug,57332,Women,58.0
1998-09,1998,Sep,57520,Women,58.1
1998-10,1998,Oct,57529,Women,58.1
1998-11,1998,Nov,57638,Women,58.1
1998-12,1998,Dec,57840,Women,58.3
1999-01,1999,Jan,58256,Women,58.4
1999-02,1999,Feb,58129,Women,58.3
1999-03,1999,Mar,58132,Women,58.2
1999-04,1999,Apr,58260,Women,58.3
1999-05,1999,May,58440,Women,58.4
1999-06,1999,Jun,58641,Women,58.6
1999-07,1999,Jul,58490,Women,58.4
1999-08,1999,Aug,58707,Women,58.5
1999-09,1999,Sep,58735,Women,58.5
1999-10,1999,Oct,58921,Women,58.7
1999-11,1999,Nov,59018,Women,58.7
1999-12,1999,Dec,59056,Women,58.7
2000-01,2000,Jan,59842,Women,58.6
2000-02,2000,Feb,59887,Women,58.5
2000-03,2000,Mar,59977,Women,58.6
2000-04,2000,Apr,60358,Women,58.9
2000-05,2000,May,59951,Women,58.4
2000-06,2000,Jun,60027,Women,58.4
2000-07,2000,Jul,60011,Women,58.3
2000-08,2000,Aug,59719,Women,58.0
2000-09,2000,Sep,60083,Women,58.3
2000-10,2000,Oct,60238,Women,58.4
2000-11,2000,Nov,60269,Women,58.4
2000-12,2000,Dec,60503,Women,58.5
2001-01,2001,Jan,60609,Women,58.6
2001-02,2001,Feb,60615,Women,58.6
2001-03,2001,Mar,60902,Women,58.8
2001-04,2001,Apr,60523,Women,58.3
2001-05,2001,May,60509,Women,58.3
2001-06,2001,Jun,60371,Women,58.1
2001-07,2001,Jul,60480,Women,58.2
2001-08,2001,Aug,60301,Women,57.9
2001-09,2001,Sep,60265,Women,57.8
2001-10,2001,Oct,60168,Women,57.7
2001-11,2001,Nov,60174,Women,57.6
2001-12,2001,Dec,60095,Women,57.5
2002-01,2002,Jan,60032,Women,57.4
2002-02,2002,Feb,60479,Women,57.8
2002-03,2002,Mar,60190,Women,57.5
2002-04,2002,Apr,60204,Women,57.4
2002-05,2002,May,60226,Women,57.4
2002-06,2002,Jun,60297,Women,57.4
2002-07,2002,Jul,60290,Women,57.3
2002-08,2002,Aug,60560,Women,57.5
2002-09,2002,Sep,60679,Women,57.6
2002-10,2002,Oct,60663,Women,57.5
2002-11,2002,Nov,60697,Women,57.5
2002-12,2002,Dec,60667,Women,57.4
2003-01,2003,Jan,61406,Women,57.8
2003-02,2003,Feb,61159,Women,57.5
2003-03,2003,Mar,61317,Women,57.6
2003-04,2003,Apr,61374,Women,57.6
2003-05,2003,May,61393,Women,57.6
2003-06,2003,Jun,61747,Women,57.9
2003-07,2003,Jul,61437,Women,57.5
2003-08,2003,Aug,61442,Women,57.4
2003-09,2003,Sep,61119,Women,57.1
2003-10,2003,Oct,61451,Women,57.3
2003-11,2003,Nov,61494,Women,57.3
2003-12,2003,Dec,61396,Women,57.2
2004-01,2004,Jan,61183,Women,57.1
2004-02,2004,Feb,61514,Women,57.4
2004-03,2004,Mar,61534,Women,57.3
2004-04,2004,Apr,61647,Women,57.4
2004-05,2004,May,61762,Women,57.5
2004-06,2004,Jun,61793,Women,57.4
2004-07,2004,Jul,61884,Women,57.5
2004-08,2004,Aug,61836,Women,57.4
2004-09,2004,Sep,61859,Women,57.3
2004-10,2004,Oct,61942,Women,57.3
2004-11,2004,Nov,62088,Women,57.4
2004-12,2004,Dec,62136,Women,57.4
2005-01,2005,Jan,62260,Women,57.5
2005-02,2005,Feb,62253,Women,57.4
2005-03,2005,Mar,62222,Women,57.4
2005-04,2005,Apr,62483,Women,57.5
2005-05,2005,May,62557,Women,57.6
2005-06,2005,Jun,62516,Women,57.5
2005-07,2005,Jul,62691,Women,57.6
2005-08,2005,Aug,62844,Women,57.7
2005-09,2005,Sep,63035,Women,57.8
2005-10,2005,Oct,63127,Women,57.8
2005-11,2005,Nov,63127,Women,57.7
2005-12,2005,Dec,63209,Women,57.8
2006-01,2006,Jan,63151,Women,57.7
2006-02,2006,Feb,63304,Women,57.8
2006-03,2006,Mar,63353,Women,57.8
2006-04,2006,Apr,63413,Women,57.8
2006-05,2006,May,63656,Women,58.0
2006-06,2006,Jun,63866,Women,58.1
2006-07,2006,Jul,64030,Women,58.2
2006-08,2006,Aug,64139,Women,58.2
2006-09,2006,Sep,63922,Women,58.0
2006-10,2006,Oct,64298,Women,58.3
2006-11,2006,Nov,64328,Women,58.2
2006-12,2006,Dec,64518,Women,58.4
2007-01,2007,Jan,64621,Women,58.3
2007-02,2007,Feb,64750,Women,58.4
2007-03,2007,Mar,64928,Women,58.5
2007-04,2007,Apr,64366,Women,58.0
2007-05,2007,May,64724,Women,58.2
2007-06,2007,Jun,64788,Women,58.2
2007-07,2007,Jul,64766,Women,58.2
2007-08,2007,Aug,64838,Women,58.2
2007-09,2007,Sep,65086,Women,58.3
2007-10,2007,Oct,64842,Women,58.0
2007-11,2007,Nov,64985,Women,58.1
2007-12,2007,Dec,64910,Women,58.0
2008-01,2008,Jan,65058,Women,58.2
2008-02,2008,Feb,65021,Women,58.1
2008-03,2008,Mar,65074,Women,58.2
2008-04,2008,Apr,65107,Women,58.1
2008-05,2008,May,65137,Women,58.1
2008-06,2008,Jun,65169,Women,58.1
2008-07,2008,Jul,65103,Women,58.0
2008-08,2008,Aug,65008,Women,57.8
2008-09,2008,Sep,65078,Women,57.8
2008-10,2008,Oct,65103,Women,57.8
2008-11,2008,Nov,64885,Women,57.6
2008-12,2008,Dec,64813,Women,57.4
2009-01,2009,Jan,64209,Women,57.0
2009-02,2009,Feb,64195,Women,56.9
2009-03,2009,Mar,64027,Women,56.7
2009-04,2009,Apr,64021,Women,56.7
2009-05,2009,May,63807,Women,56.4
2009-06,2009,Jun,63747,Women,56.3
2009-07,2009,Jul,63761,Women,56.3
2009-08,2009,Aug,63633,Women,56.1
2009-09,2009,Sep,63324,Women,55.8
2009-10,2009,Oct,63275,Women,55.7
2009-11,2009,Nov,63422,Women,55.8
2009-12,2009,Dec,63086,Women,55.4
2010-01,2010,Jan,63498,Women,55.8
2010-02,2010,Feb,63482,Women,55.7
2010-03,2010,Mar,63378,Women,55.6
2010-04,2010,Apr,63415,Women,55.6
2010-05,2010,May,63435,Women,55.6
2010-06,2010,Jun,63555,Women,55.6
2010-07,2010,Jul,63420,Women,55.5
2010-08,2010,Aug,63426,Women,55.4
2010-09,2010,Sep,63541,Women,55.4
2010-10,2010,Oct,63391,Women,55.3
2010-11,2010,Nov,63503,Women,55.3
2010-12,2010,Dec,63515,Women,55.3
2011-01,2011,Jan,63370,Women,55.3
2011-02,2011,Feb,63250,Women,55.1
2011-03,2011,Mar,63464,Women,55.3
2011-04,2011,Apr,63374,Women,55.2
2011-05,2011,May,63266,Women,55.0
2011-06,2011,Jun,63135,Women,54.9
2011-07,2011,Jul,63309,Women,55.0
2011-08,2011,Aug,63341,Women,55.0
2011-09,2011,Sep,63398,Women,55.0
2011-10,2011,Oct,63560,Women,55.1
2011-11,2011,Nov,63511,Women,55.0
2011-12,2011,Dec,63430,Women,54.9
2012-01,2012,Jan,64148,Women,54.8
2012-02,2012,Feb,64369,Women,54.9
2012-03,2012,Mar,64533,Women,55.0
2012-04,2012,Apr,64459,Women,54.9
2012-05,2012,May,64594,Women,55.0
2012-06,2012,Jun,64627,Women,55.0
2012-07,2012,Jul,64491,Women,54.8
2012-08,2012,Aug,64647,Women,54.9
2012-09,2012,Sep,64925,Women,55.1
2012-10,2012,Oct,64995,Women,55.1
2012-11,2012,Nov,64966,Women,55.0
2012-12,2012,Dec,64930,Women,54.9
2013-01,2013,Jan,64758,Women,54.7
2013-02,2013,Feb,64879,Women,54.8
2013-03,2013,Mar,64873,Women,54.7
2013-04,2013,Apr,65205,Women,55.0
2013-05,2013,May,65342,Women,55.0
2013-06,2013,Jun,65318,Women,55.0
2013-07,2013,Jul,65511,Women,55.1
2013-08,2013,Aug,65766,Women,55.3
2013-09,2013,Sep,65617,Women,55.1
2013-10,2013,Oct,65215,Women,54.7
2013-11,2013,Nov,65404,Women,54.8
2013-12,2013,Dec,65675,Women,55.0
2014-01,2014,Jan,65956,Women,55.2
2014-02,2014,Feb,66193,Women,55.4
2014-03,2014,Mar,66017,Women,55.2
2014-04,2014,Apr,66144,Women,55.2
2014-05,2014,May,66179,Women,55.2
2014-06,2014,Jun,66308,Women,55.3
2014-07,2014,Jul,66218,Women,55.2
2014-08,2014,Aug,66259,Women,55.1
2014-09,2014,Sep,66223,Women,55.1
2014-10,2014,Oct,66559,Women,55.3
2014-11,2014,Nov,66753,Women,55.4
2014-12,2014,Dec,66639,Women,55.3
2015-01,2015,Jan,67072,Women,55.4
2015-02,2015,Feb,66889,Women,55.3
2015-03,2015,Mar,66870,Women,55.2
2015-04,2015,Apr,67038,Women,55.3
2015-05,2015,May,67241,Women,55.4
2015-06,2015,Jun,67385,Women,55.5
2015-07,2015,Jul,67222,Women,55.3
2015-08,2015,Aug,67527,Women,55.5
2015-09,2015,Sep,67259,Women,55.2
2015-10,2015,Oct,67546,Women,55.4
2015-11,2015,Nov,67848,Women,55.6
2015-12,2015,Dec,67949,Women,55.7
2016-01,2016,Jan,68101,Women,55.7
2016-02,2016,Feb,68100,Women,55.7
2016-03,2016,Mar,68281,Women,55.8
2016-04,2016,Apr,68103,Women,55.6
2016-05,2016,May,68303,Women,55.7
2016-06,2016,Jun,68181,Women,55.6
2016-07,2016,Jul,68456,Women,55.7
2016-08,2016,Aug,68430,Women,55.7
2016-09,2016,Sep,68556,Women,55.7
2016-10,2016,Oct,68639,Women,55.7
2016-11,2016,Nov,68683,Women,55.7
2016-12,2016,Dec,68759,Women,55.7
2017-01,2017,Jan,68646,Women,55.8
2017-02,2017,Feb,69002,Women,56.0
2017-03,2017,Mar,69327,Women,56.3
2017-04,2017,Apr,69256,Women,56.2
2017-05,2017,May,69234,Women,56.1
2017-06,2017,Jun,69239,Women,56.1
2017-07,2017,Jul,69629,Women,56.3
2017-08,2017,Aug,69471,Women,56.2
2017-09,2017,Sep,69677,Women,56.3
2017-10,2017,Oct,69449,Women,56.1
2017-11,2017,Nov,69672,Women,56.2
2017-12,2017,Dec,69494,Women,56.0
2018-01,2018,Jan,69606,Women,56.0
2018-02,2018,Feb,69903,Women,56.2
2018-03,2018,Mar,69932,Women,56.2
2018-04,2018,Apr,70049,Women,56.2
2018-05,2018,May,70229,Women,56.3
2018-06,2018,Jun,70426,Women,56.4
2018-07,2018,Jul,70729,Women,56.6
2018-08,2018,Aug,70496,Women,56.4
2018-09,2018,Sep,70720,Women,56.5
2018-10,2018,Oct,70859,Women,56.6
2018-11,2018,Nov,70987,Women,56.7
2018-12,2018,Dec,71127,Women,56.7
2019-01,2019,Jan,70967,Women,56.7
2019-02,2019,Feb,71266,Women,56.9
2019-03,2019,Mar,71004,Women,56.7
2019-04,2019,Apr,71114,Women,56.7
2019-05,2019,May,70970,Women,56.6
2019-06,2019,Jun,71100,Women,56.6
2019-07,2019,Jul,71181,Women,56.7
2019-08,2019,Aug,71605,Women,57.0
2019-09,2019,Sep,72062,Women,57.3
2019-10,2019,Oct,72156,Women,57.3
2019-11,2019,Nov,71972,Women,57.1
2019-12,2019,Dec,72229,Women,57.3
2020-01,2020,Jan,72027,Women,57.3
2020-02,2020,Feb,72284,Women,57.4
2020-03,2020,Mar,70645,Women,56.1
2020-04,2020,Apr,59948,Women,47.6
2020-05,2020,May,61544,Women,48.8
2020-06,2020,Jun,64273,Women,50.9
2020-07,2020,Jul,65083,Women,51.6
2020-08,2020,Aug,66571,Women,52.7
2020-09,2020,Sep,66419,Women,52.5
2020-10,2020,Oct,67707,Women,53.5
2020-11,2020,Nov,67982,Women,53.7
2020-12,2020,Dec,67958,Women,53.6
2021-01,2021,Jan,67766,Women,53.6
2021-02,2021,Feb,68045,Women,53.8
2021-03,2021,Mar,68468,Women,54.1
2021-04,2021,Apr,68408,Women,54.0
2021-05,2021,May,68571,Women,54.1
2021-06,2021,Jun,68729,Women,54.2
2021-07,2021,Jul,69235,Women,54.6
2021-08,2021,Aug,69341,Women,54.6
2021-09,2021,Sep,69569,Women,54.8
2021-10,2021,Oct,69865,Women,55.0
2021-11,2021,Nov,70354,Women,55.3
2021-12,2021,Dec,70831,Women,55.7
2022-01,2022,Jan,70872,Women,56.0
2022-02,2022,Feb,70810,Women,55.9
2022-03,2022,Mar,71275,Women,56.3
2022-04,2022,Apr,71144,Women,56.1
2022-05,2022,May,71388,Women,56.3
2022-06,2022,Jun,71280,Women,56.2
2022-07,2022,Jul,71659,Women,56.4
2022-08,2022,Aug,71676,Women,56.4
2022-09,2022,Sep,71457,Women,56.2
2022-10,2022,Oct,71218,Women,56.0
2022-11,2022,Nov,71088,Women,55.9
2022-12,2022,Dec,71531,Women,56.2
2023-01,2023,Jan,72104,Women,56.5
2023-02,2023,Feb,72189,Women,56.6
2023-03,2023,Mar,72284,Women,56.6
2023-04,2023,Apr,72575,Women,56.8
2023-05,2023,May,72518,Women,56.7
2023-06,2023,Jun,72567,Women,56.7
2023-07,2023,Jul,72877,Women,56.9
2023-08,2023,Aug,73121,Women,57.1
1969-01,1969,Jan,45154,Men,81.2
1969-02,1969,Feb,45339,Men,81.5
1969-03,1969,Mar,45305,Men,81.4
1969-04,1969,Apr,45262,Men,81.2
1969-05,1969,May,45278,Men,81.1
1969-06,1969,Jun,45313,Men,81.1
1969-07,1969,Jul,45305,Men,80.9
1969-08,1969,Aug,45513,Men,81.1
1969-09,1969,Sep,45447,Men,80.9
1969-10,1969,Oct,45488,Men,80.9
1969-11,1969,Nov,45505,Men,80.8
1969-12,1969,Dec,45577,Men,80.7
1970-01,1970,Jan,45654,Men,80.7
1970-02,1970,Feb,45627,Men,80.5
1970-03,1970,Mar,45668,Men,80.4
1970-04,1970,Apr,45679,Men,80.3
1970-05,1970,May,45666,Men,80.1
1970-06,1970,Jun,45554,Men,79.8
1970-07,1970,Jul,45516,Men,79.6
1970-08,1970,Aug,45495,Men,79.4
1970-09,1970,Sep,45535,Men,79.3
1970-10,1970,Oct,45508,Men,79.1
1970-11,1970,Nov,45540,Men,79.0
1970-12,1970,Dec,45466,Men,78.7
1971-01,1971,Jan,45527,Men,78.7
1971-02,1971,Feb,45455,Men,78.4
1971-03,1971,Mar,45520,Men,78.4
1971-04,1971,Apr,45789,Men,78.7
1971-05,1971,May,45917,Men,78.7
1971-06,1971,Jun,45879,Men,78.5
1971-07,1971,Jul,46000,Men,78.5
1971-08,1971,Aug,46041,Men,78.5
1971-09,1971,Sep,46090,Men,78.4
1971-10,1971,Oct,46132,Men,78.3
1971-11,1971,Nov,46209,Men,78.3
1971-12,1971,Dec,46280,Men,78.2
1972-01,1972,Jan,46471,Men,78.1
1972-02,1972,Feb,46600,Men,78.2
1972-03,1972,Mar,46821,Men,78.4
1972-04,1972,Apr,46863,Men,78.3
1972-05,1972,May,46950,Men,78.3
1972-06,1972,Jun,47147,Men,78.4
1972-07,1972,Jul,47244,Men,78.4
1972-08,1972,Aug,47321,Men,78.5
1972-09,1972,Sep,47394,Men,78.5
1972-10,1972,Oct,47354,Men,78.3
1972-11,1972,Nov,47529,Men,78.4
1972-12,1972,Dec,47747,Men,78.6
1973-01,1973,Jan,47701,Men,78.4
1973-02,1973,Feb,47884,Men,78.6
1973-03,1973,Mar,48117,Men,78.8
1973-04,1973,Apr,48098,Men,78.6
1973-05,1973,May,48068,Men,78.5
1973-06,1973,Jun,48244,Men,78.6
1973-07,1973,Jul,48452,Men,78.8
1973-08,1973,Aug,48353,Men,78.5
1973-09,1973,Sep,48408,Men,78.5
1973-10,1973,Oct,48631,Men,78.7
1973-11,1973,Nov,48764,Men,78.8
1973-12,1973,Dec,48902,Men,78.8
1974-01,1974,Jan,49107,Men,78.9
1974-02,1974,Feb,49057,Men,78.8
1974-03,1974,Mar,48986,Men,78.5
1974-04,1974,Apr,48853,Men,78.2
1974-05,1974,May,49039,Men,78.3
1974-06,1974,Jun,48946,Men,78.0
1974-07,1974,Jul,48883,Men,77.8
1974-08,1974,Aug,48950,Men,77.8
1974-09,1974,Sep,48978,Men,77.6
1974-10,1974,Oct,48959,Men,77.5
1974-11,1974,Nov,48833,Men,77.1
1974-12,1974,Dec,48458,Men,76.4
1975-01,1975,Jan,48086,Men,75.7
1975-02,1975,Feb,47927,Men,75.3
1975-03,1975,Mar,47776,Men,74.9
1975-04,1975,Apr,47759,Men,74.8
1975-05,1975,May,47835,Men,74.8
1975-06,1975,Jun,47754,Men,74.5
1975-07,1975,Jul,48050,Men,74.8
1975-08,1975,Aug,48239,Men,75.0
1975-09,1975,Sep,48126,Men,74.7
1975-10,1975,Oct,48165,Men,74.6
1975-11,1975,Nov,48203,Men,74.5
1975-12,1975,Dec,48266,Men,74.5
1976-01,1976,Jan,48592,Men,74.8
1976-02,1976,Feb,48721,Men,74.9
1976-03,1976,Mar,48836,Men,75.0
1976-04,1976,Apr,49097,Men,75.3
1976-05,1976,May,49193,Men,75.3
1976-06,1976,Jun,49010,Men,74.9
1976-07,1976,Jul,49236,Men,75.1
1976-08,1976,Aug,49417,Men,75.2
1976-09,1976,Sep,49485,Men,75.2
1976-10,1976,Oct,49524,Men,75.1
1976-11,1976,Nov,49561,Men,75.1
1976-12,1976,Dec,49599,Men,75.0
1977-01,1977,Jan,49738,Men,75.0
1977-02,1977,Feb,49838,Men,75.1
1977-03,1977,Mar,50031,Men,75.3
1977-04,1977,Apr,50185,Men,75.4
1977-05,1977,May,50280,Men,75.4
1977-06,1977,Jun,50544,Men,75.6
1977-07,1977,Jul,50597,Men,75.6
1977-08,1977,Aug,50745,Men,75.6
1977-09,1977,Sep,50825,Men,75.6
1977-10,1977,Oct,51046,Men,75.8
1977-11,1977,Nov,51316,Men,76.1
1977-12,1977,Dec,51492,Men,76.2
1978-01,1978,Jan,51542,Men,76.2
1978-02,1978,Feb,51578,Men,76.1
1978-03,1978,Mar,51635,Men,76.1
1978-04,1978,Apr,51912,Men,76.4
1978-05,1978,May,52050,Men,76.5
1978-06,1978,Jun,52240,Men,76.6
1978-07,1978,Jul,52190,Men,76.4
1978-08,1978,Aug,52228,Men,76.3
1978-09,1978,Sep,52284,Men,76.3
1978-10,1978,Oct,52448,Men,76.3
1978-11,1978,Nov,52802,Men,76.7
1978-12,1978,Dec,52807,Men,76.6
1979-01,1979,Jan,53072,Men,76.8
1979-02,1979,Feb,53233,Men,77.0
1979-03,1979,Mar,53120,Men,76.7
1979-04,1979,Apr,53085,Men,76.5
1979-05,1979,May,53178,Men,76.5
1979-06,1979,Jun,53309,Men,76.5
1979-07,1979,Jul,53384,Men,76.5
1979-08,1979,Aug,53336,Men,76.3
1979-09,1979,Sep,53510,Men,76.5
1979-10,1979,Oct,53478,Men,76.2
1979-11,1979,Nov,53435,Men,76.0
1979-12,1979,Dec,53555,Men,76.0
1980-01,1980,Jan,53501,Men,75.8
1980-02,1980,Feb,53686,Men,76.0
1980-03,1980,Mar,53353,Men,75.4
1980-04,1980,Apr,53035,Men,74.9
1980-05,1980,May,52915,Men,74.6
1980-06,1980,Jun,52712,Men,74.2
1980-07,1980,Jul,52733,Men,74.0
1980-08,1980,Aug,52815,Men,74.1
1980-09,1980,Sep,52866,Men,74.0
1980-10,1980,Oct,53094,Men,74.2
1980-11,1980,Nov,53210,Men,74.3
1980-12,1980,Dec,53333,Men,74.3
1981-01,1981,Jan,53392,Men,74.3
1981-02,1981,Feb,53445,Men,74.3
1981-03,1981,Mar,53662,Men,74.5
1981-04,1981,Apr,53886,Men,74.7
1981-05,1981,May,53879,Men,74.6
1981-06,1981,Jun,53576,Men,74.0
1981-07,1981,Jul,53814,Men,74.3
1981-08,1981,Aug,53718,Men,74.0
1981-09,1981,Sep,53625,Men,73.8
1981-10,1981,Oct,53482,Men,73.5
1981-11,1981,Nov,53335,Men,73.1
1981-12,1981,Dec,53149,Men,72.8
1982-01,1982,Jan,53103,Men,72.6
1982-02,1982,Feb,53172,Men,72.6
1982-03,1982,Mar,53054,Men,72.4
1982-04,1982,Apr,53081,Men,72.3
1982-05,1982,May,53234,Men,72.4
1982-06,1982,Jun,52933,Men,71.9
1982-07,1982,Jul,52896,Men,71.8
1982-08,1982,Aug,52797,Men,71.6
1982-09,1982,Sep,52760,Men,71.4
1982-10,1982,Oct,52624,Men,71.1
1982-11,1982,Nov,52537,Men,70.9
1982-12,1982,Dec,52497,Men,70.7
1983-01,1983,Jan,52487,Men,70.6
1983-02,1983,Feb,52453,Men,70.5
1983-03,1983,Mar,52615,Men,70.6
1983-04,1983,Apr,52814,Men,70.8
1983-05,1983,May,52922,Men,70.8
1983-06,1983,Jun,53515,Men,71.5
1983-07,1983,Jul,53835,Men,71.8
1983-08,1983,Aug,53837,Men,71.8
1983-09,1983,Sep,53983,Men,71.9
1983-10,1983,Oct,54146,Men,72.0
1983-11,1983,Nov,54499,Men,72.3
1983-12,1983,Dec,54662,Men,72.5
1984-01,1984,Jan,54975,Men,72.6
1984-02,1984,Feb,55213,Men,72.9
1984-03,1984,Mar,55281,Men,72.9
1984-04,1984,Apr,55373,Men,72.9
1984-05,1984,May,55661,Men,73.2
1984-06,1984,Jun,55996,Men,73.5
1984-07,1984,Jul,55921,Men,73.3
1984-08,1984,Aug,55930,Men,73.3
1984-09,1984,Sep,56095,Men,73.4
1984-10,1984,Oct,56183,Men,73.4
1984-11,1984,Nov,56274,Men,73.4
1984-12,1984,Dec,56313,Men,73.4
1985-01,1985,Jan,56184,Men,73.2
1985-02,1985,Feb,56216,Men,73.2
1985-03,1985,Mar,56356,Men,73.3
1985-04,1985,Apr,56374,Men,73.2
1985-05,1985,May,56531,Men,73.4
1985-06,1985,Jun,56288,Men,73.0
1985-07,1985,Jul,56435,Men,73.1
1985-08,1985,Aug,56655,Men,73.3
1985-09,1985,Sep,56845,Men,73.5
1985-10,1985,Oct,56969,Men,73.5
1985-11,1985,Nov,56972,Men,73.4
1985-12,1985,Dec,56995,Men,73.4
1986-01,1986,Jan,57637,Men,73.8
1986-02,1986,Feb,57269,Men,73.3
1986-03,1986,Mar,57353,Men,73.3
1986-04,1986,Apr,57358,Men,73.2
1986-05,1986,May,57287,Men,73.1
1986-06,1986,Jun,57471,Men,73.2
1986-07,1986,Jul,57514,Men,73.2
1986-08,1986,Aug,57597,Men,73.2
1986-09,1986,Sep,57630,Men,73.2
1986-10,1986,Oct,57660,Men,73.2
1986-11,1986,Nov,57941,Men,73.5
1986-12,1986,Dec,58185,Men,73.7
1987-01,1987,Jan,58264,Men,73.6
1987-02,1987,Feb,58279,Men,73.6
1987-03,1987,Mar,58362,Men,73.6
1987-04,1987,Apr,58503,Men,73.7
1987-05,1987,May,58713,Men,73.9
1987-06,1987,Jun,58581,Men,73.7
1987-07,1987,Jul,58740,Men,73.8
1987-08,1987,Aug,58810,Men,73.8
1987-09,1987,Sep,58964,Men,73.9
1987-10,1987,Oct,59073,Men,74.0
1987-11,1987,Nov,59210,Men,74.1
1987-12,1987,Dec,59217,Men,74.0
1988-01,1988,Jan,59346,Men,74.1
1988-02,1988,Feb,59535,Men,74.2
1988-03,1988,Mar,59393,Men,74.0
1988-04,1988,Apr,59832,Men,74.5
1988-05,1988,May,59644,Men,74.2
1988-06,1988,Jun,59751,Men,74.2
1988-07,1988,Jul,59888,Men,74.3
1988-08,1988,Aug,59877,Men,74.2
1988-09,1988,Sep,59980,Men,74.3
1988-10,1988,Oct,60023,Men,74.2
1988-11,1988,Nov,60042,Men,74.2
1988-12,1988,Dec,60059,Men,74.1
1989-01,1989,Jan,60477,Men,74.5
1989-02,1989,Feb,60588,Men,74.6
1989-03,1989,Mar,60795,Men,74.7
1989-04,1989,Apr,60764,Men,74.6
1989-05,1989,May,60795,Men,74.6
1989-06,1989,Jun,61054,Men,74.8
1989-07,1989,Jul,60947,Men,74.6
1989-08,1989,Aug,60915,Men,74.5
1989-09,1989,Sep,60668,Men,74.2
1989-10,1989,Oct,60958,Men,74.4
1989-11,1989,Nov,60958,Men,74.4
1989-12,1989,Dec,61068,Men,74.4
1990-01,1990,Jan,61742,Men,74.8
1990-02,1990,Feb,61805,Men,74.9
1990-03,1990,Mar,61832,Men,74.8
1990-04,1990,Apr,61579,Men,74.4
1990-05,1990,May,61778,Men,74.5
1990-06,1990,Jun,61762,Men,74.4
1990-07,1990,Jul,61683,Men,74.3
1990-08,1990,Aug,61715,Men,74.2
1990-09,1990,Sep,61608,Men,74.0
1990-10,1990,Oct,61606,Men,73.9
1990-11,1990,Nov,61545,Men,73.7
1990-12,1990,Dec,61506,Men,73.6
1991-01,1991,Jan,61383,Men,73.4
1991-02,1991,Feb,61117,Men,73.0
1991-03,1991,Mar,61144,Men,73.0
1991-04,1991,Apr,61280,Men,73.1
1991-05,1991,May,61052,Men,72.7
1991-06,1991,Jun,61147,Men,72.7
1991-07,1991,Jul,61179,Men,72.7
1991-08,1991,Aug,61122,Men,72.5
1991-09,1991,Sep,61279,Men,72.6
1991-10,1991,Oct,61174,Men,72.4
1991-11,1991,Nov,61201,Men,72.3
1991-12,1991,Dec,61074,Men,72.1
1992-01,1992,Jan,61116,Men,72.1
1992-02,1992,Feb,61062,Men,71.9
1992-03,1992,Mar,61363,Men,72.2
1992-04,1992,Apr,61468,Men,72.3
1992-05,1992,May,61513,Men,72.3
1992-06,1992,Jun,61537,Men,72.2
1992-07,1992,Jul,61641,Men,72.3
1992-08,1992,Aug,61681,Men,72.3
1992-09,1992,Sep,61663,Men,72.2
1992-10,1992,Oct,61550,Men,71.9
1992-11,1992,Nov,61644,Men,72.0
1992-12,1992,Dec,61721,Men,72.0
1993-01,1993,Jan,61895,Men,72.1
1993-02,1993,Feb,61963,Men,72.1
1993-03,1993,Mar,62007,Men,72.1
1993-04,1993,Apr,62032,Men,72.1
1993-05,1993,May,62309,Men,72.3
1993-06,1993,Jun,62409,Men,72.4
1993-07,1993,Jul,62497,Men,72.4
1993-08,1993,Aug,62634,Men,72.6
1993-09,1993,Sep,62437,Men,72.3
1993-10,1993,Oct,62614,Men,72.4
1993-11,1993,Nov,62732,Men,72.5
1993-12,1993,Dec,62760,Men,72.4
1994-01,1994,Jan,62798,Men,72.4
1994-02,1994,Feb,62708,Men,72.2
1994-03,1994,Mar,62780,Men,72.2
1994-04,1994,Apr,62906,Men,72.4
1994-05,1994,May,63116,Men,72.5
1994-06,1994,Jun,63041,Men,72.4
1994-07,1994,Jul,63034,Men,72.4
1994-08,1994,Aug,63294,Men,72.5
1994-09,1994,Sep,63631,Men,72.9
1994-10,1994,Oct,63818,Men,73.0
1994-11,1994,Nov,64080,Men,73.2
1994-12,1994,Dec,64359,Men,73.5
1995-01,1995,Jan,64185,Men,73.3
1995-02,1995,Feb,64378,Men,73.5
1995-03,1995,Mar,64321,Men,73.4
1995-04,1995,Apr,64165,Men,73.2
1995-05,1995,May,63829,Men,72.8
1995-06,1995,Jun,63992,Men,72.9
1995-07,1995,Jul,63962,Men,72.8
1995-08,1995,Aug,63875,Men,72.7
1995-09,1995,Sep,64179,Men,73.0
1995-10,1995,Oct,64272,Men,73.0
1995-11,1995,Nov,63931,Men,72.6
1995-12,1995,Dec,64041,Men,72.6
1996-01,1996,Jan,64180,Men,72.7
1996-02,1996,Feb,64398,Men,72.9
1996-03,1996,Mar,64506,Men,73.0
1996-04,1996,Apr,64481,Men,72.9
1996-05,1996,May,64683,Men,73.1
1996-06,1996,Jun,64940,Men,73.3
1996-07,1996,Jul,65068,Men,73.4
1996-08,1996,Aug,65216,Men,73.6
1996-09,1996,Sep,65169,Men,73.4
1996-10,1996,Oct,65460,Men,73.7
1996-11,1996,Nov,65320,Men,73.4
1996-12,1996,Dec,65435,Men,73.5
1997-01,1997,Jan,65679,Men,73.4
1997-02,1997,Feb,65758,Men,73.4
1997-03,1997,Mar,65974,Men,73.6
1997-04,1997,Apr,66092,Men,73.7
1997-05,1997,May,66328,Men,73.9
1997-06,1997,Jun,66308,Men,73.8
1997-07,1997,Jul,66422,Men,73.9
1997-08,1997,Aug,66508,Men,73.9
1997-09,1997,Sep,66483,Men,73.8
1997-10,1997,Oct,66511,Men,73.8
1997-11,1997,Nov,66765,Men,74.0
1997-12,1997,Dec,66643,Men,73.8
1998-01,1998,Jan,66750,Men,73.8
1998-02,1998,Feb,66856,Men,73.9
1998-03,1998,Mar,66721,Men,73.7
1998-04,1998,Apr,67151,Men,74.1
1998-05,1998,May,67164,Men,74.1
1998-06,1998,Jun,67054,Men,73.9
1998-07,1998,Jul,67119,Men,73.9
1998-08,1998,Aug,66985,Men,73.7
1998-09,1998,Sep,67254,Men,73.9
1998-10,1998,Oct,67433,Men,74.0
1998-11,1998,Nov,67591,Men,74.1
1998-12,1998,Dec,67548,Men,74.0
1999-01,1999,Jan,67679,Men,74.3
1999-02,1999,Feb,67498,Men,74.0
1999-03,1999,Mar,67660,Men,74.2
1999-04,1999,Apr,67542,Men,74.0
1999-05,1999,May,67539,Men,73.9
1999-06,1999,Jun,67700,Men,74.0
1999-07,1999,Jul,67731,Men,74.0
1999-08,1999,Aug,67768,Men,73.9
1999-09,1999,Sep,67882,Men,74.0
1999-10,1999,Oct,67840,Men,73.8
1999-11,1999,Nov,68094,Men,74.0
1999-12,1999,Dec,68217,Men,74.1
2000-01,2000,Jan,69419,Men,74.5
2000-02,2000,Feb,69505,Men,74.5
2000-03,2000,Mar,69482,Men,74.4
2000-04,2000,Apr,69519,Men,74.3
2000-05,2000,May,69399,Men,74.1
2000-06,2000,Jun,69629,Men,74.2
2000-07,2000,Jul,69525,Men,74.0
2000-08,2000,Aug,69823,Men,74.2
2000-09,2000,Sep,69700,Men,74.0
2000-10,2000,Oct,69762,Men,73.9
2000-11,2000,Nov,69910,Men,74.0
2000-12,2000,Dec,69939,Men,74.0
2001-01,2001,Jan,70064,Men,74.1
2001-02,2001,Feb,69959,Men,73.9
2001-03,2001,Mar,69881,Men,73.8
2001-04,2001,Apr,69916,Men,73.7
2001-05,2001,May,69865,Men,73.5
2001-06,2001,Jun,69690,Men,73.2
2001-07,2001,Jul,69808,Men,73.3
2001-08,2001,Aug,69585,Men,73.0
2001-09,2001,Sep,69933,Men,73.2
2001-10,2001,Oct,69621,Men,72.8
2001-11,2001,Nov,69444,Men,72.6
2001-12,2001,Dec,69551,Men,72.6
2002-01,2002,Jan,69308,Men,72.3
2002-02,2002,Feb,69534,Men,72.5
2002-03,2002,Mar,69480,Men,72.4
2002-04,2002,Apr,69574,Men,72.4
2002-05,2002,May,69981,Men,72.7
2002-06,2002,Jun,69769,Men,72.4
2002-07,2002,Jul,69806,Men,72.4
2002-08,2002,Aug,69937,Men,72.4
2002-09,2002,Sep,70207,Men,72.6
2002-10,2002,Oct,69948,Men,72.2
2002-11,2002,Nov,69615,Men,71.8
2002-12,2002,Dec,69620,Men,71.7
2003-01,2003,Jan,69919,Men,71.6
2003-02,2003,Feb,70262,Men,71.9
2003-03,2003,Mar,70243,Men,71.8
2003-04,2003,Apr,70311,Men,71.8
2003-05,2003,May,70215,Men,71.6
2003-06,2003,Jun,70159,Men,71.4
2003-07,2003,Jul,70190,Men,71.4
2003-08,2003,Aug,70237,Men,71.4
2003-09,2003,Sep,70631,Men,71.7
2003-10,2003,Oct,70685,Men,71.6
2003-11,2003,Nov,70935,Men,71.8
2003-12,2003,Dec,71170,Men,71.9
2004-01,2004,Jan,71318,Men,72.1
2004-02,2004,Feb,71122,Men,71.9
2004-03,2004,Mar,71155,Men,71.8
2004-04,2004,Apr,71121,Men,71.7
2004-05,2004,May,71180,Men,71.7
2004-06,2004,Jun,71562,Men,72.0
2004-07,2004,Jul,71780,Men,72.1
2004-08,2004,Aug,71808,Men,72.1
2004-09,2004,Sep,71744,Men,71.9
2004-10,2004,Oct,71860,Men,71.9
2004-11,2004,Nov,72110,Men,72.1
2004-12,2004,Dec,72058,Men,72.0
2005-01,2005,Jan,72063,Men,71.9
2005-02,2005,Feb,72299,Men,72.1
2005-03,2005,Mar,72478,Men,72.2
2005-04,2005,Apr,72860,Men,72.5
2005-05,2005,May,73133,Men,72.7
2005-06,2005,Jun,73223,Men,72.7
2005-07,2005,Jul,73337,Men,72.7
2005-08,2005,Aug,73513,Men,72.8
2005-09,2005,Sep,73333,Men,72.5
2005-10,2005,Oct,73445,Men,72.5
2005-11,2005,Nov,73341,Men,72.3
2005-12,2005,Dec,73467,Men,72.4
2006-01,2006,Jan,73892,Men,72.8
2006-02,2006,Feb,73972,Men,72.8
2006-03,2006,Mar,74228,Men,72.9
2006-04,2006,Apr,74204,Men,72.9
2006-05,2006,May,74229,Men,72.8
2006-06,2006,Jun,74261,Men,72.8
2006-07,2006,Jul,74011,Men,72.4
2006-08,2006,Aug,74384,Men,72.7
2006-09,2006,Sep,74866,Men,73.1
2006-10,2006,Oct,74833,Men,73.0
2006-11,2006,Nov,74962,Men,73.0
2006-12,2006,Dec,75232,Men,73.2
2007-01,2007,Jan,75238,Men,73.1
2007-02,2007,Feb,75239,Men,73.0
2007-03,2007,Mar,75386,Men,73.1
2007-04,2007,Apr,75342,Men,73.0
2007-05,2007,May,75386,Men,72.9
2007-06,2007,Jun,75327,Men,72.8
2007-07,2007,Jul,75247,Men,72.6
2007-08,2007,Aug,75195,Men,72.5
2007-09,2007,Sep,75273,Men,72.5
2007-10,2007,Oct,75146,Men,72.3
2007-11,2007,Nov,75683,Men,72.7
2007-12,2007,Dec,75510,Men,72.5
2008-01,2008,Jan,75551,Men,72.7
2008-02,2008,Feb,75450,Men,72.6
2008-03,2008,Mar,75294,Men,72.4
2008-04,2008,Apr,75182,Men,72.2
2008-05,2008,May,74953,Men,71.9
2008-06,2008,Jun,74975,Men,71.8
2008-07,2008,Jul,74950,Men,71.7
2008-08,2008,Aug,74658,Men,71.4
2008-09,2008,Sep,74456,Men,71.1
2008-10,2008,Oct,74263,Men,70.8
2008-11,2008,Nov,73943,Men,70.4
2008-12,2008,Dec,73311,Men,69.8
2009-01,2009,Jan,72724,Men,69.3
2009-02,2009,Feb,72260,Men,68.8
2009-03,2009,Mar,71629,Men,68.2
2009-04,2009,Apr,71599,Men,68.1
2009-05,2009,May,71410,Men,67.8
2009-06,2009,Jun,71326,Men,67.7
2009-07,2009,Jul,71273,Men,67.5
2009-08,2009,Aug,71111,Men,67.3
2009-09,2009,Sep,70844,Men,67.0
2009-10,2009,Oct,70713,Men,66.8
2009-11,2009,Nov,70774,Men,66.8
2009-12,2009,Dec,70479,Men,66.4
2010-01,2010,Jan,70509,Men,66.5
2010-02,2010,Feb,70603,Men,66.5
2010-03,2010,Mar,70877,Men,66.7
2010-04,2010,Apr,71352,Men,67.1
2010-05,2010,May,71374,Men,67.1
2010-06,2010,Jun,71345,Men,67.0
2010-07,2010,Jul,71448,Men,67.0
2010-08,2010,Aug,71608,Men,67.1
2010-09,2010,Sep,71588,Men,67.0
2010-10,2010,Oct,71434,Men,66.8
2010-11,2010,Nov,71151,Men,66.4
2010-12,2010,Dec,71482,Men,66.7
2011-01,2011,Jan,71546,Men,66.7
2011-02,2011,Feb,71819,Men,66.9
2011-03,2011,Mar,71824,Men,66.9
2011-04,2011,Apr,71926,Men,66.9
2011-05,2011,May,72099,Men,67.0
2011-06,2011,Jun,71970,Men,66.8
2011-07,2011,Jul,71984,Men,66.8
2011-08,2011,Aug,72231,Men,67.0
2011-09,2011,Sep,72410,Men,67.0
2011-10,2011,Oct,72435,Men,67.0
2011-11,2011,Nov,72926,Men,67.4
2011-12,2011,Dec,73084,Men,67.5
2012-01,2012,Jan,73055,Men,67.6
2012-02,2012,Feb,73088,Men,67.6
2012-03,2012,Mar,73144,Men,67.5
2012-04,2012,Apr,73080,Men,67.4
2012-05,2012,May,73218,Men,67.5
2012-06,2012,Jun,73249,Men,67.4
2012-07,2012,Jul,73265,Men,67.4
2012-08,2012,Aug,73240,Men,67.3
2012-09,2012,Sep,73704,Men,67.6
2012-10,2012,Oct,73981,Men,67.8
2012-11,2012,Nov,73907,Men,67.7
2012-12,2012,Dec,74024,Men,67.7
2013-01,2013,Jan,74011,Men,67.6
2013-02,2013,Feb,74128,Men,67.7
2013-03,2013,Mar,74107,Men,67.6
2013-04,2013,Apr,74082,Men,67.5
2013-05,2013,May,74111,Men,67.5
2013-06,2013,Jun,74203,Men,67.5
2013-07,2013,Jul,74254,Men,67.5
2013-08,2013,Aug,74085,Men,67.2
2013-09,2013,Sep,74211,Men,67.3
2013-10,2013,Oct,73882,Men,66.9
2013-11,2013,Nov,74540,Men,67.4
2013-12,2013,Dec,74628,Men,67.5
2014-01,2014,Jan,74799,Men,67.5
2014-02,2014,Feb,74680,Men,67.4
2014-03,2014,Mar,75157,Men,67.8
2014-04,2014,Apr,75057,Men,67.6
2014-05,2014,May,75112,Men,67.6
2014-06,2014,Jun,75481,Men,67.9
2014-07,2014,Jul,75636,Men,67.9
2014-08,2014,Aug,75745,Men,68.0
2014-09,2014,Sep,76021,Men,68.1
2014-10,2014,Oct,76056,Men,68.1
2014-11,2014,Nov,75837,Men,67.8
2014-12,2014,Dec,76209,Men,68.1
2015-01,2015,Jan,76359,Men,68.1
2015-02,2015,Feb,76407,Men,68.1
2015-03,2015,Mar,76504,Men,68.1
2015-04,2015,Apr,76705,Men,68.2
2015-05,2015,May,76785,Men,68.3
2015-06,2015,Jun,76803,Men,68.2
2015-07,2015,Jul,76929,Men,68.3
2015-08,2015,Aug,76979,Men,68.2
2015-09,2015,Sep,76875,Men,68.1
2015-10,2015,Oct,76958,Men,68.1
2015-11,2015,Nov,76856,Men,67.9
2015-12,2015,Dec,77266,Men,68.2
2016-01,2016,Jan,77659,Men,68.4
2016-02,2016,Feb,77887,Men,68.6
2016-03,2016,Mar,78034,Men,68.7
2016-04,2016,Apr,78002,Men,68.6
2016-05,2016,May,77852,Men,68.4
2016-06,2016,Jun,78207,Men,68.6
2016-07,2016,Jul,78091,Men,68.5
2016-08,2016,Aug,78250,Men,68.5
2016-09,2016,Sep,78204,Men,68.4
2016-10,2016,Oct,78203,Men,68.4
2016-11,2016,Nov,78280,Men,68.4
2016-12,2016,Dec,78402,Men,68.4
2017-01,2017,Jan,78463,Men,68.6
2017-02,2017,Feb,78454,Men,68.6
2017-03,2017,Mar,78548,Men,68.6
2017-04,2017,Apr,78863,Men,68.9
2017-05,2017,May,78791,Men,68.7
2017-06,2017,Jun,78863,Men,68.7
2017-07,2017,Jul,78881,Men,68.7
2017-08,2017,Aug,78941,Men,68.7
2017-09,2017,Sep,79386,Men,69.0
2017-10,2017,Oct,79188,Men,68.8
2017-11,2017,Nov,79254,Men,68.8
2017-12,2017,Dec,79418,Men,68.9
2018-01,2018,Jan,79690,Men,68.9
2018-02,2018,Feb,80100,Men,69.2
2018-03,2018,Mar,80104,Men,69.2
2018-04,2018,Apr,80159,Men,69.1
2018-05,2018,May,80347,Men,69.3
2018-06,2018,Jun,80149,Men,69.0
2018-07,2018,Jul,80274,Men,69.1
2018-08,2018,Aug,80172,Men,68.9
2018-09,2018,Sep,80203,Men,68.9
2018-10,2018,Oct,80323,Men,68.9
2018-11,2018,Nov,80573,Men,69.1
2018-12,2018,Dec,80459,Men,68.9
2019-01,2019,Jan,80413,Men,69.1
2019-02,2019,Feb,80628,Men,69.2
2019-03,2019,Mar,80577,Men,69.1
2019-04,2019,Apr,80641,Men,69.1
2019-05,2019,May,80853,Men,69.3
2019-06,2019,Jun,80863,Men,69.2
2019-07,2019,Jul,81051,Men,69.3
2019-08,2019,Aug,81053,Men,69.3
2019-09,2019,Sep,81098,Men,69.2
2019-10,2019,Oct,81106,Men,69.2
2019-11,2019,Nov,81393,Men,69.4
2019-12,2019,Dec,81361,Men,69.3
2020-01,2020,Jan,81236,Men,69.4
2020-02,2020,Feb,81066,Men,69.2
2020-03,2020,Mar,79709,Men,68.0
2020-04,2020,Apr,69974,Men,59.6
2020-05,2020,May,71751,Men,61.1
2020-06,2020,Jun,73726,Men,62.7
2020-07,2020,Jul,74268,Men,63.2
2020-08,2020,Aug,75977,Men,64.6
2020-09,2020,Sep,76214,Men,64.7
2020-10,2020,Oct,76995,Men,65.3
2020-11,2020,Nov,76839,Men,65.2
2020-12,2020,Dec,77001,Men,65.2
2021-01,2021,Jan,77088,Men,65.4
2021-02,2021,Feb,77000,Men,65.3
2021-03,2021,Mar,77107,Men,65.4
2021-04,2021,Apr,77380,Men,65.6
2021-05,2021,May,77478,Men,65.6
2021-06,2021,Jun,77742,Men,65.8
2021-07,2021,Jul,78248,Men,66.2
2021-08,2021,Aug,78617,Men,66.5
2021-09,2021,Sep,78975,Men,66.7
2021-10,2021,Oct,79228,Men,66.9
2021-11,2021,Nov,79851,Men,67.4
2021-12,2021,Dec,79958,Men,67.5
2022-01,2022,Jan,80695,Men,67.5
2022-02,2022,Feb,81293,Men,67.9
2022-03,2022,Mar,81389,Men,68.0
2022-04,2022,Apr,81236,Men,67.8
2022-05,2022,May,81331,Men,67.9
2022-06,2022,Jun,81210,Men,67.7
2022-07,2022,Jul,81185,Men,67.7
2022-08,2022,Aug,81263,Men,67.7
2022-09,2022,Sep,81816,Men,68.1
2022-10,2022,Oct,81776,Men,68.0
2022-11,2022,Nov,81698,Men,67.9
2022-12,2022,Dec,82033,Men,68.2
2023-01,2023,Jan,82324,Men,67.9
2023-02,2023,Feb,82407,Men,67.9
2023-03,2023,Mar,82816,Men,68.2
2023-04,2023,Apr,82661,Men,68.0
2023-05,2023,May,82526,Men,67.9
2023-06,2023,Jun,82868,Men,68.1
2023-07,2023,Jul,82922,Men,68.1
2023-08,2023,Aug,82777,Men,67.9
